depth_feet,proportion_area
0,1
5,0.826752394
10,0.657068978
15,0.511566147
20,0.328185058
25,0.191767419
30,0.082255923
35,0.037039625
40,0.018449927
45,0.005940317
46,0
