depth_feet,proportion_area
0,1
5,0.88992263
10,0.781219118
15,0.721829883
20,0.592566704
25,0.382944877
30,0.002410277
34,0
