depth_feet,proportion_area
0,1
10,0.475708612
20,0.124748381
