depth_feet,proportion_area
0,1
5,0.847604426
10,0.673590919
15,0.327975374
