depth_feet,proportion_area
0,1
3,0.724885649
5,0.127274179
7,0.09189109
9,0.058971814
11,0.030900318
13,0.011349508
15,0.00148285
15.5,0
