depth_feet,proportion_area
0,1
5,0.711526741
10,0.575003809
15,0.415625476
20,0.27022703
25,0.04517751
27,0
