depth_feet,proportion_area
0,1
10,0.858641795
15,0.73379967
20,0.483823958
30,0.134557466
40,0.013018556
42,0
