depth_feet,proportion_area
0,1
5,0.682515073
10,0.539707149
15,0.313867356
20,0.171403962
25,0.093626184
30,0.026787252
32,0
