depth_feet,proportion_area
0,1
10,0.678495387
15,0.593959467
20,0.480167179
30,0.285545304
40,0.152275057
50,0.064032805
60,0.001971453
