depth_feet,proportion_area
0,1
5,0.873791839
10,0.686950306
15,0.455138764
18,0
