depth_feet,proportion_area
0,1
5,0.571200709
10,0.491643775
15,0.431599468
20,0.371289322
25,0.214887018
30,0.001329198
