depth_feet,proportion_area
0,1
5,0.391762787
10,0.010427589
15,0.004252592
18,0
