depth_feet,proportion_area
0,1
5,0.823940472
10,0.658880621
15,0.481721126
20,0.333290197
25,0.153477839
30,0.073244905
35,0.033516661
40,0.011452604
45,0
