depth_feet,proportion_area
0,1
10,0.609670638
15,0.502032235
20,0.350946041
30,0.192711983
40,0.088297127
47,0
