depth_feet,proportion_area
0,1
5,0.772779307
10,0.607570843
15,0.505228633
20,0.401196544
25,0.240031072
30,0.022622584
