depth_feet,proportion_area
0,1
5,0.697723023
10,0.461225388
15,0.280277197
20,0.081509185
24,0
