depth_feet,proportion_area
0,1
5,0.771249076
10,0.635624538
15,0.472099039
20,0.318181818
25,0.168514412
30,0.058019217
35,0.00849963
36,0
