depth_feet,proportion_area
0,1
5,0.847421017
10,0.633646489
15,0.467938375
20,0.267149846
25,0.018555145
30,0.001366262
