depth_feet,proportion_area
0,1
5,0.657960736
10,0.50205571
15,0.370593072
20,0.204830918
25,0.079113989
28,0
