depth_feet,proportion_area
0,1
10,0.426543371
15,0.329252409
20,0.248502214
30,0.133628549
40,0.055222714
50,0.030346444
60,0.011852045
69,0
