depth_feet,proportion_area
0,1
5,0.707030283
10,0.671271161
20,0.466405516
30,0.247749296
40,0.065860307
50,0.013446957
60,0.001672279
