depth_feet,proportion_area
0,1
5,0.715397617
10,0.449486557
15,0.212535685
18,0
