depth_feet,proportion_area
0,1
10,0.768757887
15,0.538551137
20,0.169044769
25,0.007829941
30,0.001509906
31,0
