depth_feet,proportion_area
0,1
5,0.831879182
10,0.66944589
15,0.43510171
20,0.127884604
25,0.035619638
30,0.015943222
35,0.007115457
40,0.002287111
