depth_feet,proportion_area
0,1
5,0.683170548
10,0.382268971
15,0.27322314
20,0.16162284
25,0.072306536
30,0.015101427
