depth_feet,proportion_area
0,1
3,0.846599132
5,0.66578228
7,0.132470386
10,0.003323149
15,0.001581176
17,0
