depth_feet,proportion_area
0,1
10,0.620032636
15,0.490161259
20,0.400988673
30,0.242512958
40,0.016893838
42,0
