depth_feet,proportion_area
0,1
5,0.761628959
10,0.515656109
15,0.14280543
20,0.048325792
24,0
