depth_feet,proportion_area
0,1
5,0.705596405
10,0.449632353
15,0.298366013
20,0.224101307
25,0.165073529
30,0.097099673
35,0.046691176
37,0
