depth_feet,proportion_area
0,1
5,0.82028925
10,0.683496058
15,0.533963348
20,0.318749021
25,0.15637237
30,0.019944656
34,0
