depth_feet,proportion_area
0,1
10,0.65409031
15,0.576476225
20,0.478859744
30,0.338004551
40,0.029823931
50,0.00670739
55,0
