depth_feet,proportion_area
0,1
5,0.499005349
10,0.075731361
