depth_feet,proportion_area
0,1
10,0.702490467
15,0.505874643
20,0.274034795
30,0.053324595
40,0.014835558
50,0.001644423
56,0
