depth_feet,proportion_area
0,1
5,0.644268183
10,0.415863514
15,0.240077821
20,0.085154145
25,0.023555822
28,0
