depth_feet,proportion_area
0,1
5,0.734310654
10,0.272467538
14,0
