depth_feet,proportion_area
0,1
5,0.745065486
10,0.654122856
15,0.558199594
20,0.406567054
25,0.307692308
30,0.186681424
35,0.022320605
36,0
