depth_feet,proportion_area
0,1
5,0.898791401
10,0.66545052
15,0.481325852
20,0.256934135
30,0.045349705
40,0.00655042
42,0
