depth_feet,proportion_area
0,1
5,0.735762428
10,0.425498711
15,0.13332881
20,0.043854888
25,0.007260144
28,0
