depth_feet,proportion_area
0,1
10,0.560744694
15,0.514148346
20,0.46662007
30,0.348117084
40,0.169187106
50,0.046363367
60,0.007413055
70,0.002096836
80,0.000720125
85,0
