depth_feet,proportion_area
0,1
5,0.683339321
10,0.594427368
15,0.466741181
20,0.235745745
25,0.035846872
30,0.005615212
34,0
