depth_feet,proportion_area
0,1
5,0.781795893
10,0.622321901
15,0.367676149
19,0
