depth_feet,proportion_area
0,1
10,0.789524922
20,0.596135125
30,0.309871495
40,0.042445483
