depth_feet,proportion_area
0,1
5,0.685374062
10,0.296660626
15,0.21905255
20,0.077608077
25,0.033290189
30,0.016360342
35,0.00320994
41,0.000414186
