depth_feet,proportion_area
0,1
10,0.536773126
15,0.486703143
20,0.361941723
30,0.186410485
40,0.057004708
50,0.015141876
56,0
