depth_feet,proportion_area
0,1
5,0.682448245
10,0.497869787
15,0.336333633
20,0.127332733
25,0.02490249
28,0
