depth_feet,proportion_area
0,1
5,0.809787073
10,0.638386934
15,0.488469072
20,0.30495356
25,0.06959626
30,0.010583181
33,0
