depth_feet,proportion_area
0,1
5,0.700719843
10,0.558750818
13,0
