depth_feet,proportion_area
0,1
5,0.573878951
10,0.249938741
15,0.181695663
20,0.10316099
25,0.02180838
27,0
