depth_feet,proportion_area
0,1
5,0.798359641
10,0.612138094
15,0.35930334
20,0.152049745
25,0.033144819
27,0
