depth_feet,proportion_area
0,1
10,0.509705838
15,0.447616593
20,0.364440435
30,0.247431497
40,0.170229965
50,0.076779794
60,0.018755638
70,0.001194925
72,0
