depth_feet,proportion_area
0,1
10,0.534304331
15,0.448351859
20,0.383671905
30,0.188961288
40,0.073591414
49,0
