depth_feet,proportion_area
0,1
5,0.572243224
10,0.087076312
10.5,0
