depth_feet,proportion_area
0,1
5,0.761630594
10,0.530563736
15,0.304686572
17,0
