depth_feet,proportion_area
0,1
5,0.826548569
10,0.737212576
15,0.611332708
20,0.415297982
25,0.251349132
30,0.11098076
35,0.00868137
37,0
