depth_feet,proportion_area
0,1
5,0.637721755
10,0.273709484
15,0.098639456
16,0
