depth_feet,proportion_area
0,1
5,0.815057779
10,0.629139964
15,0.52311988
20,0.442162453
30,0.163781938
40,0.028409951
50,0.003784629
58,0
