depth_feet,proportion_area
0,1
5,0.853210898
10,0.699067208
15,0.528477086
20,0.331682839
25,0.038982343
