depth_feet,proportion_area
0,1
5,0.620517742
10,0.37751615
15,0.003323659
