depth_feet,proportion_area
0,1
5,0.606469133
10,0.284321808
15,0.056641288
17,0
