depth_feet,proportion_area
0,1
5,0.919676121
10,0.811858383
15,0.658127954
20,0.184259252
23,0
