depth_feet,proportion_area
0,1
10,0.790979353
15,0.708501698
20,0.532683723
30,0.15292375
40,0.042835982
50,0.010701438
60,0.001168895
68,0
