depth_feet,proportion_area
0,1
5,0.715700037
10,0.459253786
13,0
