depth_feet,proportion_area
0,1
5,0.794210433
10,0.665030412
15,0.483229437
20,0.123943164
21,0
