depth_feet,proportion_area
0,1
5,0.360692386
10,0.127874297
15,0.075370465
20,0.059018906
25,0.019800715
27,0
