depth_feet,proportion_area
0,1
10,0.676465081
15,0.598202584
20,0.485583224
30,0.275978281
40,0.107470511
49,0
