depth_feet,proportion_area
0,1
5,0.695838847
10,0.573621526
15,0.517306278
20,0.461873254
30,0.262167328
40,0.048139979
50,0.003087781
52,0
