depth_feet,proportion_area
0,1
5,0.421508588
10,0.168782674
15,0.121433906
20,0.098879761
25,0.081254668
30,0.0643764
35,0.047348768
40,0.02613891
45,0.00373413
47,0
