depth_feet,proportion_area
0,1
10,0.646624916
15,0.520805565
20,0.379959466
30,0.216947543
40,0.021782395
49,0
