depth_feet,proportion_area
0,1
5,0.711092043
10,0.554578975
15,0.363465597
20,0.258180469
30,0.121286612
40,0.037128081
50,0.015468101
60,0.002736486
63,0
