depth_feet,proportion_area
0,1
5,0.80845115
10,0.674403883
15,0.49620173
20,0.284026166
25,0.11732433
30,0.011869593
35,0.005222621
