depth_feet,proportion_area
0,1
10,0.524338102
20,0.208436112
30,0.006906759
