depth_feet,proportion_area
0,1
5,0.769523614
10,0.58894948
15,0.189114106
17,0
