depth_feet,proportion_area
0,1
10,0.547577037
15,0.444687549
20,0.405699928
30,0.31151984
40,0.04495857
44,0
