depth_feet,proportion_area
0,1
10,0.616276232
15,0.473767692
20,0.304538799
30,0.115056125
40,0.022693997
47,0
