depth_feet,proportion_area
0,1
5,0.636851363
10,0.416007036
14,0
