depth_feet,proportion_area
0,1
5,0.829045936
10,0.143038869
14,0
