depth_feet,proportion_area
0,1
5,0.77361427
10,0.494600742
13,0
