depth_feet,proportion_area
0,1
5,0.840815273
10,0.266855865
15,0.20880633
20,0.1375129
30,0.093137255
40,0.045063639
50,0.018403853
51.5,0
