depth_feet,proportion_area
0,1
5,0.798338957
10,0.707500649
15,0.551258759
20,0.376849208
25,0.231767454
30,0.076304179
33,0
