depth_feet,proportion_area
0,1
10,0.530711876
15,0.464583703
20,0.387626487
30,0.200958637
40,0.043404935
45,0
