depth_feet,proportion_area
0,1
5,0.665274844
10,0.255243896
15,0.048582797
17,0
