depth_feet,proportion_area
0,1
10,0.567774205
20,0.428367274
30,0.267524116
40,0.168453019
50,0.061164702
60,0.028188639
70,0.006180779
