depth_feet,proportion_area
0,1
10,0.539189274
15,0.487876699
20,0.443894493
30,0.339828332
40,0.18131696
50,0.069481862
57,0
