depth_feet,proportion_area
0,1
5,0.562507039
10,0.323234598
15,0.161617299
20,0.068081991
24,0
