depth_feet,proportion_area
0,1
5,0.83630394
10,0.247954972
13,0
