depth_feet,proportion_area
0,1
5,0.821243
10,0.63618
15,0.48362
20,0.24155
25,0.0344
27,0
