depth_feet,proportion_area
0,1
2,0.865633351
5,0.611277392
10,0.240352753
15,0.044895778
20,0.002512026
21,0
