depth_feet,proportion_area
0,1
5,0.692008
10,0.50215
15,0.33829
20,0.16229
25,0.0255
30,0.00298
