depth_feet,proportion_area
0,1
3,0.77263
5,0.52631
10,0.3736
15,0.32073
20,0.17576
24,0
