depth_feet,proportion_area
0,1
3,0.92747
5,0.85442
10,0.69649
15,0.45149
20,0.03763
