depth_feet,proportion_area
0,1
5,0.73565
10,0.53794
15,0.34519
20,0.15385
25,0.0173
