depth_feet,proportion_area
0,1
3,0.88574
5,0.7805
10,0.487
15,0.0219
20,0.00644
22,0
