depth_feet,proportion_area
0,1
5,0.83781
10,0.74655
15,0.65776
20,0.53677
25,0.36413
30,0.19707
35,0.07376
40,0.01736
43,0
