depth_feet,proportion_area
0,1
3,0.96381
5,0.83074
10,0.0044
