depth_feet,proportion_area
0,1
5,0.83383
10,0.4431
15,0.25231
20,0.10601
25,0.00181
