depth_feet,proportion_area
0,1
3,0.8105
5,0.69781
10,0.4426
15,0.28777
20,0.209
25,0.11666
30,0.0583
35,0.03544
40,0
