depth_feet,proportion_area
0,1
3,0.8244
5,0.56386
10,0.29776
15,0.09831
20,0.03029
25,0.00489
27,0
