depth_feet,proportion_area
0,1
5,0.82753
10,0.70447
20,0.56503
30,0.21665
33,0.01153
