depth_feet,proportion_area
0,1
3,0.81775
5,0.59667
10,0.12771
15,0.053446
19,0
