depth_feet,proportion_area
0,1
5,0.775660666
10,0.565109154
15,0.290214477
20,0.124537214
25,0.032043917
27,0
