depth_feet,proportion_area
0,1
3,0.84728
5,0.7607
10,0.50984
15,0.33816
20,0.12707
24,0.00518
