depth_feet,proportion_area
0,1
3,0.92818605
5,0.837419541
10,0.399923462
14,0.000533256
