depth_feet,proportion_area
0,1
5,0.80012
10,0.55213
15,0.27994
20,0.14786
