depth_feet,proportion_area
0,1
3,0.65943
5,0.38471
10,0.02456
15,0.00895
18,0
