depth_feet,proportion_area
0,1
3,0.86994
5,0.74314
10,0.36862
12,0.02295
