depth_feet,proportion_area
0,1
3,0.90967
5,0.63449
10,0.40816
15,0.06591
20,0.00219
