depth_feet,proportion_area
0,1
5,0.8462
10,0.72086
15,0.50824
20,0.3812
25,0.26649
26,0.11832
