depth_feet,proportion_area
0,1
3,0.89362
5,0.67241
10,0.25608
15,0.09076
20,0.01406
25,0.00164
27,0
