depth_feet,proportion_area
0,1
5,0.741096545
10,0.405551722
15,0.051483467
17,0
