depth_feet,proportion_area
0,1
3,0.8822
5,0.76827
10,0.38746
14,0.00392
