depth_feet,proportion_area
0,1
3,0.93142
5,0.82749
10,0.24535
15,0.01946
16,0
