depth_feet,proportion_area
0,1
5,0.89102
10,0.76357
15,0.62968
20,0.50116
25,0.38379
30,0.26827
35,0.13847
40,0.03733
43,0
