depth_feet,proportion_area
0,1
3,0.9219
5,0.80333
10,0.67581
15,0.584191
20,0.33908
25,0.03714
27,0
