depth_feet,proportion_area
0,1
3,0.87884
5,0.42222
10,0.00446
13,0
