depth_feet,proportion_area
0,1
3,0.93889
5,0.71445
10,0.27598
14,0.23646
20,0.18914
25,0.14585
30,0.10449
35,0.0739
40,0.04827
45,0.03057
50,0.00932
54,0
