depth_feet,proportion_area
0,1
3,0.90829
5,0.77383
10,0.7211
15,0.66619
20,0.59044
25,0.51863
30,0.44942
35,0.35852
40,0.12469
45,0.04806
48,0
