depth_feet,proportion_area
0,1
5,0.67599
10,0.52769
15,0.39684
20,0.23981
25,0.19131
30,0.14437
35,0.09564
40,0.02683
45,0.01267
50,0.00554
55,0.00184
