depth_feet,proportion_area
0,1
5,0.88549
10,0.70724
15,0.46702
20,0.2511
25,0.10866
30,0.035
