depth_feet,proportion_area
0,1
5,0.89462
10,0.46912
15,0.1348
20,0
