depth_feet,proportion_area
0,1
5,0.78415
10,0.55718
15,0.44901
20,0.36876
30,0.07323
40,0.01317
50,0.00501
56,0
