depth_feet,proportion_area
0,1
5,0.84301382
10,0.612698569
15,0.366596174
20,0.150543452
25,0.006295185
