depth_feet,proportion_area
0,1
5,0.82014
10,0.67102
20,0.50023
30,0.3851
40,0.23135
50,0.1471
60,0.05382
70,0.00667
73,0
