depth_feet,proportion_area
0,1
3,0.85023
5,0.55672
10,0.01152
13,0
