depth_feet,proportion_area
0,1
5,0.78032
10,0.59781
15,0.43836
20,0.26831
25,0.02443
27,0
