depth_feet,proportion_area
0,1
3,0.8209
5,0.62502
10,0.33554
15,0.11488
17,0
