depth_feet,proportion_area
0,1
3,0.8311
5,0.60998
10,0.312727
15,0.00237
16,0
