depth_feet,proportion_area
0,1
3,0.883659317
5,0.651304649
9,0
