depth_feet,proportion_area
0,1
5,0.670571913
10,0.33913982
15,0.143749037
20,0.013950979
