depth_feet,proportion_area
0,1
3,0.88332
5,0.78782
10,0.62021
15,0.19749
16,0
