depth_feet,proportion_area
0,1
3,0.903
5,0.81723
10,0.48092
15,0
