depth_feet,proportion_area
0,1
5,0.89896
10,0.76333
15,0.57936
20,0.30733
25,0.13858
30,0.0523
34,0
