depth_feet,proportion_area
0,1
3,0.87792
5,0.729
10,0.61743
15,0.49991
20,0.38187
25,0.30335
30,0.23386
35,0.11741
40,0.0018
44,0
