depth_feet,proportion_area
0,1
5,0.84535
10,0.74159
15,0.62338
20,0.49164
25,0.34035
30,0.22452
35,0.13259
40,0.05435
44,0
