depth_feet,proportion_area
0,1
5,0.89317
10,0.11868
15,0.03644
20,0.00444
22,0
