depth_feet,proportion_area
0,1
5,0.85487
10,0.72439
15,0.57636
20,0.38174
25,0.16912
30,0.09133
35,0.05364
40,0.0297
45,0.00909
47,0
