depth_feet,proportion_area
0,1
3,0.514547651
5,0.072728668
10,0.003893439
