depth_feet,proportion_area
0,1
3,0.93806
5,0.83211
10,0.31241
14,0
