depth_feet,proportion_area
0,1
3,0.9234
5,0.6583
10,0.14255
15,0.03968
20,0.01045
24,0.00052
