depth_feet,proportion_area
0,1
3,0.83544
5,0.48848
6,0.10342
