depth_feet,proportion_area
0,1
3,0.83749
5,0.6865
10,0.38482
15,0.1545
20,0.0665
25,0.02834
30,0.00494
31,0
