depth_feet,proportion_area
0,1
3,0.55907
5,0.35227
10,0.09952
11,0
