depth_feet,proportion_area
0,1
5,0.765773079
10,0.1662033
