depth_feet,proportion_area
0,1
2,0.93406
4,0.84595
6,0.72683
12,0.47838
18,0.08501
