depth_feet,proportion_area
0,1
5,0.72577
10,0.48167
15,0.24
20,0.09605
25,0.02071
30,0.00393
