depth_feet,proportion_area
0,1
5,0.88884
10,0.75818
15,0.6262
20,0.27715
22,0
