depth_feet,proportion_area
0,1
3,0.989562466
5,0.945809037
10,0.220528001
15,0.133888811
20,0.092291792
24,0