depth_feet,proportion_area
0,1
3,0.917131138
5,0.829984822
10,0.593637759
15,0.442204206
20,0.274948675
25,0.127299183
30,0.04273272
32,0
