depth_feet,proportion_area
0,1
5,0.85663
10,0.71331
15,0.57936
20,0.47201
25,0.3661
30,0.24493
35,0.12827
40,0.03022
45,0.00137
