depth_feet,proportion_area
0,1
3,0.93358
5,0.8577
10,0.694
15,0.60494
20,0.54438
25,0.47997
30,0.40098
35,0.29519
40,0.18805
45,0.09985
50,0.02671
55,0.0005
