depth_feet,proportion_area
0,1
5,0.64555
10,0.61486
15,0.39151
20,0.17221
