depth_feet,proportion_area
0,1
5,0.74219
10,0.6102
15,0.54235
20,0.16393
25,0.0004
26,0
