depth_feet,proportion_area
0,1
3,0.8705
5,0.73412
10,0.2345
15,0.00591
16,0
