depth_feet,proportion_area
0,1
3,0.95012
5,0.87502
10,0.56717
15,0.12933
20,0.01851
24,0
