depth_feet,proportion_area
0,1
3,0.86653
5,0.73836
10,0.68691
15,0.58719
20,0.33637
25,0.17173
30,0.08674
35,0.03209
39,0.00074
