depth_feet,proportion_area
0,1
5,0.78541
10,0.58368
15,0.36999
20,0.21085
25,0.0449
28,0.0046
