depth_feet,proportion_area
0,1
3,0.77647
5,0.55208
10,0.09505
13,0
