depth_feet,proportion_area
0,1
3,0.82635
5,0.58419
10,0.01443
