depth_feet,proportion_area
0,1
3,0.83499
5,0.52149
7,0.34642
9,0.24109
11,0.1122
13,0.01545
