depth_feet,proportion_area
0,1
3,0.90818
5,0.74444
10,0.60386
15,0.32506
20,0.07702
22,0
