depth_feet,proportion_area
0,1
3,0.919769355
5,0.844077993
10,0.716901951
15,0.601186221
20,0.361137316
25,0.27119777
30,0.147676844
35,0.05268613
39,0
