depth_feet,proportion_area
0,1
3,0.84392
5,0.60382
10,0.41597
15,0.29466
18,0
