depth_feet,proportion_area
0,1
3,0.92399
5,0.81202
10,0.61773
15,0.20398
20,0.04635
25,0.00716
