depth_feet,proportion_area
0,1
3,0.68751
5,0.44458
10,0.14413
15,0.02056
18,0
