depth_feet,proportion_area
0,1
5,0.84759
10,0.66156
15,0.42666
20,0.09476
23,0
