depth_feet,proportion_area
0,1
5,0.739692619
10,0.494478189
15,0.238496227
