depth_feet,proportion_area
0,1
3,0.905200908
5,0.767389055
10,0.520133939
15,0.350324787
20,0.099987066
25,0.061630547
30,0.032780524
35,0.016957921
40,0.001063463
42,0
