depth_feet,proportion_area
0,1
10,0.59536
14,0.1955
16,0.02574
