depth_feet,proportion_area
0,1
3,0.95256
5,0.90224
10,0.71906
15,0.48427
20,0.1147
24,0.0062
