depth_feet,proportion_area
0,1
5,0.888573387
10,0.786277294
15,0.677592284
20,0.55705963
25,0.454445315
30,0.28896994
35,0.180113581
40,0.01089298
