depth_feet,proportion_area
0,1
5,0.77597
10,0.49577
15,0.17137
17,0
