depth_feet,proportion_area
0,1
5,0.83835
10,0.68281
15,0.48642
20,0.08737
25,0.00924
28,0
