depth_feet,proportion_area
0,1
3,0.61973
5,0.21675
10,0.00818
12,0
