depth_feet,proportion_area
0,1
5,0.88216
10,0.75248
15,0.59915
20,0.42896
25,0.04416
26,0
