depth_feet,proportion_area
0,1
3,0.74386
5,0.45707
6,0.15419
8,0.0673
