depth_feet,proportion_area
0,1
3,0.94218
5,0.8855
10,0.73801
15,0.5324
18,0
