depth_feet,proportion_area
0,1
5,0.81765
10,0.54639
15,0.18052
20,0.03187
