depth_feet,proportion_area
0,1
3,0.88142925
5,0.765734003
10,0.604480784
15,0.443752657
20,0.267246768
25,0.12497187
30,0.038156677
35,0.001350236
36,0
