depth_feet,proportion_area
0,1
5,0.89362
10,0.72482
15,0.51309
20,0.19528
25,0.10035
30,0.01257
