depth_feet,proportion_area
0,1
5,0.84915
10,0.67007
15,0.53219
20,0.35875
25,0.15559
30,0.02984
34,0
