depth_feet,proportion_area
0,1
3,0.9047
5,0.80952
10,0.31236
11,0.13768
