depth_feet,proportion_area
0,1
3,0.85024
5,0.39253
6,0.20308
7,0.02312
