depth_feet,proportion_area
0,1
5,0.73914
10,0.4683
15,0.05897
20,0.00526
21,0
