depth_feet,proportion_area
0,1
3,0.828746974
5,0.753534144
10,0.624612741
15,0.472572961
20,0.349248913
25,0.272291791
30,0.134935305
35,0.042097316
40,0.001171539
