depth_feet,proportion_area
0,1
3,0.931
5,0.81745
10,0.38703
15,0.25275
20,0.08047
25,0.01587
29,0
