depth_feet,proportion_area
0,1
5,0.84554
10,0.6205
15,0.39956
20,0.13873
30,0.019
35,0.00028
