depth_feet,proportion_area
0,1
5,0.81501
10,0.61225
15,0.38765
20,0.20426
25,0.04375
30,0.02448
35,0.00803
40,0.00081
45,0
