depth_feet,proportion_area
0,1
3,0.90104
5,0.78047
10,0.58837
15,0.20892
20,0.01495
21,0
