depth_feet,proportion_area
0,1
3,0.899989546
5,0.815778863
10,0.672177172
15,0.244582829
16,0.001433628
