depth_feet,proportion_area
0,1
5,0.60607
10,0.01849
15,0.001
