depth_feet,proportion_area
0,1
3,0.86825
5,0.73277
10,0.43714
15,0.36922
20,0.3042
25,0.25178
30,0.19115
35,0.14918
40,0.10142
45,0.05601
50,0
