depth_feet,proportion_area
0,1
5,0.85572
10,0.57401
15,0.21951
20,0.07729
24,0
