depth_feet,proportion_area
0,1
5,0.73829
10,0.44123
15,0.17149
