depth_feet,proportion_area
0,1
3,0.9305
5,0.84503
10,0.7282
15,0.57191
20,0.2661
25,0.0505
30,0.0198
33,0.00119
