depth_feet,proportion_area
0,1
3,0.96586619
5,0.6268022
6,0
