depth_feet,proportion_area
0,1
3,0.83176
5,0.44913
6,0.05318
