depth_feet,proportion_area
0,1
3,0.88289
5,0.76943
10,0.6292
15,0.39665
20,0.15461
25,0.00816
26,0
