depth_feet,proportion_area
0,1
3,0.80466
5,0.57813
10,0.1115
13,0
