depth_feet,proportion_area
0,1
3,0.86487
5,0.78241
10,0.27015
15,0.19555
20,0.08313
25,0.01146
29,0.00088
