depth_feet,proportion_area
0,1
5,0.53357
10,0.32594
15,0.05997
20,0.01184
