depth_feet,proportion_area
0,1
5,0.78246
10,0.44586
15,0.20271
20,0.04348
24,0.00104
