depth_feet,proportion_area
0,1
5,0.7051
10,0.27247
15,0.02793
16,0
