depth_feet,proportion_area
0,1
3,0.770101764
6,0.617907475
9,0.427300572
10,0
