depth_feet,proportion_area
0,1
6.56,0.873187
16.425,0.70355
26.24,0.52537
32.8,0.41959
39.36,0.29045
45.92,0.17666
52.48,0.08492
59.04,0.00224
