depth_feet,proportion_area
0,1
5,0.89804
10,0.83299
15,0.54765
20,0.4077
25,0.24537
30,0.03398
35,0.00117
36,0
