depth_feet,proportion_area
0,1
3,0.86727
10,0.69123
20,0.54273
30,0.35251
40,0.2039
50,0.06659
60,0.01741
64,0
