depth_feet,proportion_area
0,1
5,0.78134
10,0.51766
15,0.33665
20,0.18816
25,0.02169
28,0
