proportion_area,depth_feet
0,1
5,0.67891
10,0.13788
15,0.00479
