depth_feet,proportion_area
0,1
5,0.69618
10,0.43465
15,0.17322
20,0.042
25,0.00184
28,0
