depth_feet,proportion_area
0,1
3,0.91203
5,0.83155
10,0.73322
15,0.57922
20,0.42316
25,0.22812
30,0.09097
35,0.02682
39,0
