depth_feet,proportion_area
0,1
3,0.894730582
5,0.79553835
10,0.429836608
15,0.098619116
20,0.014933443
25,0.010175503
30,0.00583929
35,0.001492263
