depth_feet,proportion_area
0,1
3,0.91619
5,0.8398
10,0.27539
14,0
