depth_feet,proportion_area
0,1
5,0.67053
10,0.43592
15,0.27144
20,0.10104
25,0.00418
26,0
