depth_feet,proportion_area
0,1
2,0.915263
3,0.77988
4,0.61487
5,0.41806
6,0.2054
7,0.00879
