depth_feet,proportion_area
0,1
3,0.94083
5,0.87844
10,0.78865
15,0.60722
20,0.42041
25,0.25272
30,0.19713
35,0.12496
40,0.0794
45,0.05364
50,0.01607
51,0
