depth_feet,proportion_area
0,1
3,0.9175
5,0.74462
10,0.53483
15,0.43832
20,0.3142
25,0.14959
30,0.05508
35,0.02308
40,0.00897
44,0
