depth_feet,proportion_area
0,1
5,0.85354
10,0.57458
15,0.23784
20,0.01947
25,0.00175
27,0
