depth_feet,proportion_area
0,1
3,0.96963
5,0.92227
10,0.77507
15,0.71216
20,0.63648
25,0.54786
30,0.39022
35,0.03945
38,0
