depth_feet,proportion_area
0,1
3,0.91475
5,0.81092
10,0.62379
15,0.39001
20,0.03762
25,0.01417
28,0
