depth_feet,proportion_area
0,1
3,0.86701
5,0.67107
10,0.035
15,0.0088
20,0.00282
23,0
