depth_feet,proportion_area
0,1
3,0.96131
5,0.91895
10,0.77557
15,0.6439
20,0.45956
23,0
