depth_feet,proportion_area
0,1
2,0.79706
4,0.65574
6,0.43097
8,0.1614
10,0.04171
12,0.00515
14,0.00114
