depth_feet,proportion_area
0,1
3,0.93598
5,0.86459
10,0.71919
15,0.31134
17,0.02607
