depth_feet,proportion_area
0,1
3,0.55731
5,0.44729
10,0.38236
15,0.31756
20,0.2166
25,0.10936
30,0.01872
32,0
