depth_feet,proportion_area
0,1
3,0.73562
5,0.58936
10,0.4644
15,0.3364
20,0.24264
25,0.10657
30,0.00317
35,0
