depth_feet,proportion_area
0,1
3,0.78328
5,0.61876
10,0.28584
15,0.04308
19,0
