depth_feet,proportion_area
0,1
5,0.804
10,0.6544
15,0.50987
20,0.28262
25,0.00563
