depth_feet,proportion_area
0,1
5,0.61086
10,0.1985
15,0.01182
20,0.002
23,0
