depth_feet,proportion_area
0,1
5,0.30606
10,0.1543
15,0.0855
20,0.00189
22,0
