depth_feet,proportion_area
0,1
5,0.81882
10,0.56841
15,0.08561
19,0
