depth_feet,proportion_area
0,1
3,0.93791
5,0.82233
10,0.61656
15,0.46168
20,0.20798
23,0
