depth_feet,proportion_area
0,1
6.56,0.78919
13.12,0.58808
16.4,0.38844
