depth_feet,proportion_area
0,1
3,0.89555
5,0.82124
10,0.64153
15,0.16218
20,0.0008
