depth_feet,proportion_area
0,1
5,0.70384
10,0.51442
15,0.33472
20,0.16058
25,0.02157
30,0.00092
