depth_feet,proportion_area
0,1
3,0.87715
5,0.70273
10,0.56265
15,0.4745
20,0.35721
25,0.16689
30,0.0674
34,0
