depth_feet,proportion_area
0,1
5,0.8381
10,0.63509
15,0.52125
20,0.44152
25,0.35898
30,0.21255
35,0.12294
40,0.0464
44,0
