depth_feet,proportion_area
0,1
5,0.7999
10,0.5069
15,0.45587
20,0.38651
25,0.20568
30,0.14
35,0.05232
40,0.0276
45,0.0057
46,0
