depth_feet,proportion_area
0,1
3,0.93592
5,0.8633
10,0.6744
15,0.30538
20,0.0172
21,0
