depth_feet,proportion_area
0,1
3,0.68653
5,0.51451
10,0.41245
15,0.32693
20,0.26976
25,0.21624
30,0.15146
35,0.07144
40,0.0362
44,0
