depth_feet,proportion_area
0,1
5,0.78097
10,0.5947
15,0.47469
20,0.31141
25,0.16809
30,0.04801
