depth_feet,proportion_area
0,1
3,0.9
5,0.80176
10,0.6726
15,0.5355
20,0.38566
25,0.2181
30,0.0311
31,0
