depth_feet,proportion_area
0,1
5,0.75267
10,0.60698
15,0.44151
20,0.32271
25,0.27003
30,0.16256
35,0.05339
40,0.04216
45,0.02476
50,0.01234
55,0.00601
58,0
