depth_feet,proportion_area
0,1
5,0.93191
10,0.81048
20,0.73839
30,0.66233
40,0.55553
50,0.44333
60,0.33687
70,0.20304
80,0.10703
85,0.05641
88,0
