depth_feet,proportion_area
0,1
5,0.7863
10,0.47369
15,0.11304
20,0.00632
