depth_feet,proportion_area
0,1
5,0.58845
10,0.26522
15,0.11313
