depth_feet,proportion_area
0,1
3,0.93595
5,0.83695
10,0.57984
15,0.22195
20,0.08484
25,0.00374
26,0
