depth_feet,proportion_area
0,1
5,0.828
10,0.65998
15,0.38022
20,0.09835
23,0
