depth_feet,proportion_area
0,1
5,0.79626
10,0.55354
15,0.38395
20,0.22748
25,0.09758
