depth_feet,proportion_area
0,1
6.56,0.83742
13.12,0.69622
19.68,0.5879
26.24,0.4365
32.8,0.25702
39.36,0.0331
41,0
