depth_feet,proportion_area
0,1
3,0.91065
5,0.85067
10,0.62326
15,0.33044
20,0.01421
