depth_feet,proportion_area
0,1
5,0.84612
10,0.69305
15,0.55372
20,0.29422
24,0
