depth_feet,proportion_area
0,1
5,0.69131
10,0.32387
15,0.0824
20,0
