depth_feet,proportion_area
0,1
5,0.8076
10,0.52159
15,0.18942
20,0.00776
21,0
