depth_feet,proportion_area
0,1
5,0.71718
10,0.45926
15,0.28065
20,0.15461
25,0.06809
30,0.01477
35,0
