depth_feet,proportion_area
0,1
3,0.92399
5,0.8314
10,0.43036
15,0.00162
17,0
