depth_feet,proportion_area
0,1
3,0.83356
5,0.69558
10,0.5234
15,0.44533
20,0.34246
25,0.20459
30,0.05763
35,0
