depth_feet,proportion_area
0,1
3,0.91197
6,0.41559
9,0.03034
12,0.01
15,0.002
18,0.00034
