depth_feet,proportion_area
0,1
5,0.86407
15,0.71918
20,0.39336
30,0.19031
35,0.05831
40,0.04498
43,0
