depth_feet,proportion_area
0,1
3,0.95274
5,0.85184
7,0.67746
9,0.43648
11,0.06783
13,0.02247
15,0
