depth_feet,proportion_area
0,1
3,0.85244
5,0.68808
10,0.22643
14,0.00446
