depth_feet,proportion_area
0,1
5,0.80355
10,0.51236
15,0.15547
20,0.01982
