depth_feet,proportion_area
0,1
3,0.9291
5,0.84677
10,0.46393
15,0.21839
20,0.08243
25,0.01374
30,0.00043
