depth_feet,proportion_area
0,1
3,0.70312
6,0.11332
9,0.00115
