depth_feet,proportion_area
0,1
3,0.96256
5,0.91351
10,0.81219
15,0.7529
20,0.69063
25,0.62025
30,0.51745
35,0.39018
40,0.28363
45,0.1629
50,0.01189
