depth_feet,proportion_area
0,1
3,0.92401
5,0.7776
10,0.61035
15,0.39372
20,0.1616
25,0.01295
26,0
