depth_feet,proportion_area
0,1
2,0.9532
4,0.88516
6,0.802
12,0.57359
18,0.38061
24,0.12227
30,0.00177
