depth_feet,proportion_area
0,1
5,0.72053
10,0.08848
11,0.00536
