depth_feet,proportion_area
0,1
3,0.8906
5,0.78837
10,0.36472
14,0
