depth_feet,proportion_area
0,1
3,0.92302
5,0.73734
10,0.63727
15,0.54289
20,0.4584
25,0.33427
30,0.11357
35,0.0138
