depth_feet,proportion_area
0,1
3,0.86592
5,0.72619
10,0.60773
15,0.45165
20,0.25234
25,0.05806
26,0
