depth_feet,proportion_area
0,1
3,0.69632
5,0.51769
10,0.07176
15,0.00046
