depth_feet,proportion_area
0,1
3,0.92259
5,0.70686
8,0.05448
