depth_feet,proportion_area
0,1
10,0.61818
15,0.28009
20,0.02067
