depth_feet,proportion_area
0,1
3,0.89587
5,0.78206
10,0.49116
15,0.07029
19,0
