depth_feet,proportion_area
0,1
3,0.94771
5,0.86862
10,0.7087
15,0.57855
20,0.42955
25,0.26632
30,0.09141
35,0.04073
40,0.0171
45,0.005
50,0.00104
52,0
