depth_feet,proportion_area
0,1
3,0.69011
5,0.4147
10,0.01373
11,0.0005
