depth_feet,proportion_area
0,1
3,0.91594
5,0.66543
10,0.40031
15,0.31025
20,0.24387
25,0.15768
30,0.02789
34,0.00096
