depth_feet,proportion_area
0,1
5,0.8705
10,0.76838
15,0.60045
20,0.42999
25,0.3431
30,0.25014
35,0.16725
40,0.07069
45,0.0262
50,0.00242
55,0.00032
58,0
