depth_feet,proportion_area
0,1
3,0.8973
5,0.77578
10,0.649
15,0.44227
20,0.20747
25,0.10872
30,0.01885
