depth_feet,proportion_area
0,1
3,0.85126
5,0.6245
10,0.12893
15,0.09338
20,0.01166
