depth_feet,proportion_area
0,1
3,0.88225
6,0.69225
9,0.44229
12,0.16843
15,0.05957
18,0.0224
21,0.00783
23,0
