depth_feet,proportion_area
0,1
5,0.70969
10,0.41417
15,0.0104
16,0
