depth_feet,proportion_area
0,1
3,0.90854
5,0.8023
10,0.38239
15,0.04873
19,0
