depth_feet,proportion_area
0,1
5,0.87794
10,0.73958
15,0.5848
20,0.39917
25,0.18683
30,0.00922
31,0
