depth_feet,proportion_area
0,1
5,0.84288
10,0.62254
15,0.39792
20,0.1894
25,0.08077
30,0.01921
34,0
