depth_feet,proportion_area
0,1
5,0.74151
10,0.31456
15,0.13953
20,0.03166
24,0
