depth_feet,proportion_area
0,1
5,0.81475
10,0.63278
15,0.41525
20,0.2936
25,0.20926
30,0.12822
35,0.08292
40,0.04004
45,0.01235
49,0
