depth_feet,proportion_area
0,1
5,0.83372
10,0.70619
15,0.59483
20,0.48577
25,0.37974
30,0.23176
35,0.10653
40,0.03333
45,0.00844
48,0
