depth_feet,proportion_area
0,1
5,0.71159
10,0.34803
15,0.11954
18,0
