depth_feet,proportion_area
0,1
3,0.9059
5,0.85155
10,0.76033
20,0.66155
30,0.55934
40,0.41184
50,0.2296
60,0.06692
63,0
