depth_feet,proportion_area
0,1
3,0.91566
5,0.77679
10,0.3542
15,0.09989
19,0.00986
