depth_feet,proportion_area
0,1
5,0.84522
10,0.66612
15,0.45475
20,0.17234
24,0
