depth_feet,proportion_area
0,1
3,0.91029
5,0.82176
10,0.54071
15,0.09542
20,0.01034
24,0
