depth_feet,proportion_area
0,1
5,0.77573
10,0.63892
15,0.45142
20,0.31077
25,0.11437
30,0.07387
35,0.05016
40,0.03309
45,0.02137
50,0.01331
55,0.00413
56,0
