depth_feet,proportion_area
0,1
3,0.90275
5,0.68445
10,0.0868
11,0
