depth_feet,proportion_area
0,1
5,0.72918
10,0.54206
15,0.38433
20,0.26103
25,0.18149
30,0.10121
35,0.03673
40,0.01527
43,0
