depth_feet,proportion_area
0,1
3,0.84671
5,0.59613
10,0.50354
15,0.36396
20,0.17997
25,0.09678
30,0.05726
35,0.02151
38,0.00168
