depth_feet,proportion_area
0,1
3,0.87182
5,0.75622
10,0.56204
15,0.37234
20,0.21136
25,0.0054
26,0
