depth_feet,proportion_area
0,1
3,0.74273
5,0.41392
6,0.20264
8,0.01271
