depth_feet,proportion_area
0,1
5,0.67756
10,0.14586
15,0.00771
