depth_feet,proportion_area
0,1
3,0.88809
5,0.75271
10,0.61083
15,0.36469
20,0.16095
25,0.05681
30,0.01199
35,0.00066
37,0
