depth_feet,proportion_area
0,1
3,0.87628
5,0.78349
10,0.31132
15,0.07496
20,0.01123
21,0
