depth_feet,proportion_area
0,1
5,0.76288
10,0.61223
15,0.42172
20,0.23697
25,0.13906
30,0.0216
32,0
