depth_feet,proportion_area
0,1
5,0.79309
10,0.50102
15,0.14626
20,0.00703
21,0
