depth_feet,proportion_area
0,1
3,0.89527
5,0.6923
10,0.45841
15,0.40231
20,0.26039
25,0.0682
27,0
