depth_feet,proportion_area
0,1
3,0.69558
5,0.3785
10,0.26815
15,0.16758
20,0.0675
25,0.01846
30,0
