depth_feet,proportion_area
0,1
5,0.780353136
10,0.317497343
12,0
