depth_feet,proportion_area
0,1
5,0.80522
10,0.66084
15,0.47283
20,0.27
25,0.14877
30,0.0674
35,0.00708
36,0
