depth_feet,proportion_area
0,1
3,0.91021
5,0.83328
10,0.67895
15,0.35422
20,0.10217
25,0
