depth_feet,proportion_area
0,1
3,0.9275
5,0.8561
10,0.75958
15,0.60901
20,0.4327
25,0.28158
30,0.00375
