depth_feet,proportion_area
0,1
5,0.78413
10,0.45607
15,0.19079
20,0.04515
24,0
