depth_feet,proportion_area
0,1
3,0.91396
5,0.8434
10,0.74101
15,0.52495
20,0.27517
25,0.00986
27,0
