depth_feet,proportion_area
0,1
5,0.8314
10,0.63573
15,0.48682
20,0.33322
25,0.20001
30,0.05684
35,0.01984
40,0.00349
