depth_feet,proportion_area
0,1
3,0.9259
5,0.80494
10,0.06923
11,0.00122
