depth_feet,proportion_area
0,1
5,0.782932156
10,0.229444419
