depth_feet,proportion_area
0,1
5,0.86521
10,0.75144
15,0.60032
20,0.41537
25,0.26679
30,0.09333
33,0
