depth_feet,proportion_area
0,1
3,0.59023
5,0.3301
10,0.01607
