depth_feet,proportion_area
0,1
5,0.87471
10,0.73714
15,0.54178
20,0.35824
25,0.17992
30,0.07085
35,0.01965
40,0.00811
45,0.0004
47,0
