depth_feet,proportion_area
0,1
3,0.93325
5,0.81112
10,0.54235
15,0.19432
18,0
