depth_feet,proportion_area
0,1
3,0.968960207
5,0.846124753
10,0.633325229
15,0.453856336
20,0.2053597
25,0.085263528
30,0.010897696
32,0
