depth_feet,proportion_area
0,1
3,0.82399
5,0.46392
6,0.26084
7,0.0062
