depth_feet,proportion_area
0,1
5,0.84113
10,0.05285
15,0.00093
16,0
