depth_feet,proportion_area
0,1
5,0.81541
10,0.48132
15,0.02212
18,0.00084
