depth_feet,proportion_area
0,1
3,0.89911
5,0.71105
10,0.31167
15,0.12976
19,0
