depth_feet,proportion_area
0,1
5,0.8658
10,0.66322
15,0.50223
20,0.35252
25,0.18179
30,0.05476
35,0.0068
39,0
