depth_feet,proportion_area
0,1
3,0.81519
5,0.60758
10,0.05424
15,0
