depth_feet,proportion_area
0,1
3,0.86902
6,0.58458
9,0.32571
12,0.14242
15,0.03976
18,0.00472
