depth_feet,proportion_area
0,1
3,0.9292
5,0.83755
10,0.73089
15,0.6124
20,0.39372
25,0.10935
26,0
