depth_feet,proportion_area
0,1
5,0.7715
10,0.53957
15,0.37251
20,0.21131
25,0.09318
30,0.04312
35,0.0119
40,0.0002
