depth_feet,proportion_area
0,1
5,0.54363
10,0.35834
15,0.04108
