depth_feet,proportion_area
0,1
5,0.8249
10,0.58795
20,0.30619
30,0.08909
40,0.00281
