depth_feet,proportion_area
0,1
3,0.89841
5,0.7967
10,0.44792
15,0.08601
20,0.00273
22,0
