depth_feet,proportion_area
0,1
3,0.8073
5,0.70066
10,0.32502
15,0.08388
16,0
