depth_feet,proportion_area
0,1
3,0.91822
5,0.81178
10,0.02012
14,0
