depth_feet,proportion_area
0,1
3,0.95711
6,0.85031
9,0.72583
12,0.61992
15,0.47651
18,0.29924
21,0.04974
22,0
