depth_feet,proportion_area
0,1
3,0.500932715
5,0.182677304
8,0
