depth_feet,proportion_area
0,1
5,0.7845
10,0.43235
15,0.31174
20,0.25606
25,0.19149
30,0.07512
35,0.0115
38,0
