depth_feet,proportion_area
0,1
5,0.86076
10,0.68698
15,0.50635
20,0.35787
25,0.22551
30,0.1176
35,0.04172
40,0.01263
43,0
