depth_feet,proportion_area
0,1
3,0.92765
5,0.82248
10,0.59635
15,0.46756
20,0.37739
25,0.21205
30,0.02025
