depth_feet,proportion_area
0,1
5,0.74271
10,0.50909
15,0.18787
16,0
