depth_feet,proportion_area
0,1
5,0.78792
10,0.39905
15,0.0056
