depth_feet,proportion_area
0,1
3,0.96242
5,0.87948
10,0.54568
15,0.25391
20,0
