depth_feet,proportion_area
0,1
1,0.88402
3,0.5588
5,0.16039
