depth_feet,proportion_area
0,1
3,0.93567
5,0.86758
10,0.76885
15,0.18985
18,0
