depth_feet,proportion_area
0,1
5,0.66709
10,0.03619
11,0.00587
