depth_feet,proportion_area
0,1
5,0.9051
10,0.68894
15,0.53754
20,0.3558
25,0.21547
30,0.13137
35,0.05442
37,0
