depth_feet,proportion_area
0,1
3,0.39889
5,0.09494
10,0.0133
11,0
