depth_feet,proportion_area
0,1
3,0.68728
5,0.32034
10,0.00673
15,0.00082
17,0
