depth_feet,proportion_area
0,1
3,0.94005
5,0.86472
10,0.71815
15,0.58125
20,0.33271
25,0.08601
30,0.0045
