depth_feet,proportion_area
0,1
5,0.65554
10,0.35118
15,0.11248
20,0.032
25,0.00536
26,0
