depth_feet,proportion_area
0,1
5,0.7845
10,0.56708
15,0.37962
20,0.11686
23,0
