depth_feet,proportion_area
0,1
3,0.92494
5,0.84343
10,0.65693
15,0.44694
20,0.24713
25,0.0606
30,0.01276
32,0
