depth_feet,proportion_area
0,1
5,0.75866
10,0.52804
15,0.25478
20,0.01
