depth_feet,proportion_area
0,1
5,0.84465
10,0.57628
15,0.32383
20,0.13215
25,0.02506
30,0.01004
35,0.001
38,0
