depth_feet,proportion_area
0,1
3,0.91779
5,0.83346
10,0.58535
15,0.38967
20,0.0054
