depth_feet,proportion_area
0,1
5,0.80524
10,0.70516
15,0.63881
20,0.54289
25,0.41028
30,0.26199
35,0.07397
40,0.03643
45,0.00622
47,0
