depth_feet,proportion_area
0,1
5,0.7891
10,0.61327
15,0.50579
20,0.19245
25,0.07667
30,0.0016
32,0
