depth_feet,proportion_area
0,1
5,0.91016
10,0.73716
15,0.30226
20,0
