depth_feet,proportion_area
0,1
5,0.78709
10,0.61463
15,0.3999
18,0.0296
