depth_feet,proportion_area
0,1
5,0.77846
10,0.25375
15,0.10318
20,0.01729
25,0.00477
30,0.00104
