depth_feet,proportion_area
0,1
5,0.7765
10,0.62134
15,0.49261
20,0.32773
25,0.20578
30,0.14235
35,0.08994
40,0.04926
45,0.00736
