depth_feet,proportion_area
0,1
5,0.80894
10,0.64117
15,0.38778
20,0.11662
25,0.02434
27,0
