depth_feet,proportion_area
0,1
3,0.79144
5,0.55875
10,0.01102
12,0
