depth_feet,proportion_area
0,1
5,0.659525496
10,0.131846081
13,0
