depth_feet,proportion_area
0,1
5,0.75624
10,0.53193
15,0.13403
20,0.05745
23,0
