depth_feet,proportion_area
0,1
5,0.8118
10,0.5103
15,0.37
20,0.24348
25,0.06596
27,0
