depth_feet,proportion_area
0,1
5,0.89126
10,0.6527
15,0.313232
20,0.20415
22,0.04997
