depth_feet,proportion_area
0,1
3,0.8756
5,0.76836
10,0.5364
15,0.29261
20,0.1545
25,0.06555
30,0.03111
35,0.00493
36,0
