depth_feet,proportion_area
0,1
1,0.94501
2,0.75422
3,0.5067
4,0.00653
5,0.00159
6,0
