depth_feet,proportion_area
0,1
5,0.81636
10,0.5127
15,0.2252
20,0.07727
25,0.0255
