depth_feet,proportion_area
0,1
3,0.94431
5,0.86602
10,0.68069
15,0.54611
20,0.22887
21,0
