depth_feet,proportion_area
0,1
5,0.70373
10,0.41272
15,0.07453
