depth_feet,proportion_area
0,1
5,0.83086
10,0.6669
15,0.52483
20,0.40237
25,0.28426
30,0.15628
35,0.04303
40,0
