depth_feet,proportion_area
0,1
3,0.87165
5,0.77041
10,0.52498
15,0.3268
20,0.1963
25,0.11482
30,0.03145
33,0
