depth_feet,proportion_area
0,1
5,0.86591
10,0.69192
15,0.5212
20,0.34482
25,0.1913
30,0.08606
35,0.03608
40,0.01698
45,0.00485
46,0
