depth_feet,proportion_area
0,1
5,0.88185
10,0.71449
15,0.34787
