depth_feet,proportion_area
0,1
5,0.73193
10,0.59091
15,0.42699
20,0.28368
25,0.04383
27,0
