depth_feet,proportion_area
0,1
5,0.70722
10,0.55711
15,0.33112
20,0.18074
25,0.0985
30,0.02354
