depth_feet,proportion_area
0,1
10,0.67787
15,0.59357
20,0.48104
30,0.28168
40,0.15157
50,0.06372
60,0.0011
