depth_feet,proportion_area
0,1
5,0.57184
10,0.48345
15,0.4242
20,0.3649
25,0.21029
30,0.00089
