depth_feet,proportion_area
0,1
5,0.39171
10,0.01072
15,0.00414
18,0
