depth_feet,proportion_area
0,1
5,0.82213
10,0.64804
15,0.539
20,0.43256
25,0.25849
30,0.02075
