depth_feet,proportion_area
0,1
5,0.69681
10,0.4604
15,0.27965
20,0.08075
24,0
