depth_feet,proportion_area
0,1
5,0.80068
10,0.53598
15,0.14351
20,0.04445
24,0
