depth_feet,proportion_area
0,1
10,0.67369
15,0.5902
20,0.51564
30,0.34092
40,0.0274
50,0.00465
55,0
