depth_feet,proportion_area
0,1
5,0.50095804
10,0.075765377
