depth_feet,proportion_area
0,1
5,0.87319
10,0.73459
15,0.56967
20,0.33885
30,0.07511
40,0.00721
50,0.00209
56,0
