depth_feet,proportion_area
0,1
5,0.6533
10,0.41967
15,0.24041
20,0.08397
25,0.0226
28,0
