depth_feet,proportion_area
0,1
5,0.88685
10,0.66255
15,0.47717
20,0.25233
30,0.04351
40,0.00615
42,0
