depth_feet,proportion_area
0,1
5,0.70073
10,0.30888
15,0.21856
20,0.07545
25,0.03422
30,0.01636
35,0.00319
40,0.00016
41,0
