depth_feet,proportion_area
0,1
10,0.54963
15,0.4976
20,0.36717
30,0.18999
40,0.05631
50,0.01599
56,0
