depth_feet,proportion_area
0,1
5,0.82352
10,0.65795
15,0.49507
20,0.31423
25,0.07091
30,0.01093
33,0
