depth_feet,proportion_area
0,1
5,0.61485
10,0.25677
15,0.18555
20,0.10342
25,0.02037
27,0
