depth_feet,proportion_area
0,1
5,0.78829
10,0.61286
15,0.3531
20,0.15187
25,0.03146
27,0
