depth_feet,proportion_area
0,1
10,0.601
15,0.43192
20,0.38587
30,0.18932
40,0.08465
49,0
