depth_feet,proportion_area
0,1
5,0.83666
10,0.57634
15,0.08125
17,0
