depth_feet,proportion_area
0,1
5,0.65671
10,0.27967
15,0.09863
16,0
