depth_feet,proportion_area
0,1
5,0.82733
10,0.64941
15,0.54011
20,0.44269
30,0.15957
40,0.02641
50,0.0032
58,0
