depth_feet,proportion_area
0,1
5,0.90526
10,0.80695
15,0.65503
20,0.18396
23,0
