depth_feet,proportion_area
0,1
10,0.85014
15,0.76677
20,0.58753
30,0.16457
40,0.03992
50,0.0065
53,0
