depth_feet,proportion_area
0,1
5,0.37295
10,0.13607
15,0.08032
20,0.05868
25,0.01817
27,0
