depth_feet,proportion_area
0,1
5,0.41903
10,0.15823
15,0.11281
20,0.09099
25,0.07362
30,0.05789
35,0.04141
40,0.02538
45,0.0019
