depth_feet,proportion_area
0,1
10,0.64668
15,0.50903
20,0.37914
30,0.218664
40,0.0214
49,0
