depth_feet,proportion_area
0,1
10,0.52762
20,0.2039
30,0.00502
