depth_feet,proportion_area
0,1
10,0.55925
15,0.46437
20,0.42062
30,0.31381
40,0.04522
44,0
