depth_feet,proportion_area
0,1
10,0.63222
15,0.48068
20,0.29994
30,0.10675
40,0.01742
47,0
