depth_feet,proportion_area
0,1
5,0.88327
10,0.74871
15,0.58079
20,0.39304
25,0.23548
30,0.07217
33,0
