depth_feet,proportion_area
0,1
5,0.7543
10,0.59565
15,0.48239
20,0.20183
25,0.00617
29,0
