depth_feet,proportion_area
0,1
10,0.54663
20,0.49365
30,0.34222
40,0.18067
50,0.06621
