depth_feet,proportion_area
0,1
5,0.92272
10,0.81005
15,0.74826
20,0.61432
25,0.3969
30,0.00237
34,0
