depth_feet,proportion_area
0,1
5,0.86221
10,0.68921
15,0.50376
20,0.34809
25,0.15661
30,0.07353
35,0.03277
40,0.01063
45,0
