depth_feet,proportion_area
0,1
10,0.65635
15,0.5295
20,0.39878
30,0.21857
40,0.09945
47,0
