depth_feet,proportion_area
0,1
5,0.84511
10,0.69549
15,0.51711
20,0.328
25,0.19384
30,0.06256
35,0.00871
36,0
