depth_feet,proportion_area
0,1
5,0.695995
10,0.49563
15,0.37152
20,0.2049
25,0.07707
28,0
