depth_feet,proportion_area
0,1
5,0.75551
10,0.7173
20,0.48251
30,0.2549
40,0.06847
50,0.01431
60,0.00174
