depth_feet,proportion_area
0,1
5,0.72702
10,0.45029
15,0.21605
18,0
