depth_feet,proportion_area
0,1
5,0.545612
10,0.30713
15,0.21822
20,0.12754
25,0.05648
30,0.01192
