depth_feet,proportion_area
0,1
3,0.8839
5,0.69758
7,0.13719
10,0.00246
15,0.00095
17,0
