depth_feet,proportion_area
0,1
5,0.72458
10,0.45825
15,0.30294
20,0.22828
25,0.17498
30,0.0984
35,0.04676
37,0
