depth_feet,proportion_area
0,1
5,0.84491
10,0.70072
15,0.53561
20,0.31654
25,0.1559
30,0.01862
34,0
