depth_feet,proportion_area
0,1
5,0.76445
10,0.43387
15,0.13852
20,0.04149
25,0.00628
28,0
