depth_feet,proportion_area
0,1
5,0.79223
10,0.63062
15,0.37126
19,0
