depth_feet,proportion_area
0,1
10,0.79071
20,0.57309
30,0.28849
40,0.04214
