depth_feet,proportion_area
0,1
5,0.85117
10,0.71059
15,0.5768
20,0.46934
25,0.34351
30,0.23098
35,0.14073
40,0.065754
45,0.02444
50,0.00477
55,0
