depth_feet,proportion_area
0,1
10,0.50257
15,0.44762
20,0.35839
30,0.24302
40,0.17269
50,0.07316
60,0.01739
70,0.00091
72,0
