depth_feet,proportion_area
0,1
5,0.85921
10,0.70362
15,0.53201
20,0.33403
25,0.03792
