depth_feet,proportion_area
0,1
5,0.63455
10,0.29633
15,0.05945
17,0
