depth_feet,proportion_area
0,1
5,0.81013
10,0.67912
15,0.49351
20,0.12755
21,0
