depth_feet,proportion_area
0,1
5,0.71012
10,0.59612
15,0.53762
20,0.47999
30,0.27252
40,0.04747
50,0.00251
52,0
