depth_feet,proportion_area
0,1
5,0.81948
10,0.64133
15,0.43913
20,0.28034
25,0.11526
30,0.04784
35,0.01267
