depth_feet,proportion_area
0,1
5,0.86062
10,0.27813
15,0.21724
20,0.1427
30,0.09645
40,0.04697
50,0.01688
52,0
