depth_feet,proportion_area
0,1
5,0.90372
10,0.72967
15,0.57273
20,0.44104
25,0.10165
