depth_feet,proportion_area
0,1
5,0.84948
10,0.63808
15,0.43662
20,0.26861
25,0.13547
30,0.00584
