depth_feet,proportion_area
0,1
5,0.66178
10,0.3535
15,0.16217
18,0
