depth_feet,proportion_area
0,1
5,0.56435
10,0.30485
15,0.11641
20,0.03959
25,0.01329
29,0
