depth_feet,proportion_area
0,1
5,0.79423
10,0.58117
15,0.36185
20,0.15646
25,0.01617
