depth_feet,proportion_area
0,1
10,0.71269
20,0.39336
30,0.20682
40,0.0607
50,0.01772
60,0.00305
