depth_feet,proportion_area
0,1
10,0.643
15,0.45356
20,0.33184
30,0.18206
40,0.10034
50,0.04858
60,0.00947
70,0.00194
75,0
