depth_feet,proportion_area
0,1
5,0.66237
10,0.40517
15,0.31439
20,0.20703
25,0.13755
30,0.08495
40,0.03041
50,0.00311
55,0
