depth_feet,proportion_area
0,1
5,0.592099
10,0.386096
15,0.087994
20,0.020011
