depth_feet,proportion_area
0,1
5,0.81349
10,0.63845
15,0.48771
20,0.34492
25,0.18826
30,0.04824
