depth_feet,proportion_area
0,1
5,0.71333
10,0.38865
15,0.21952
20,0.10235
25,0.01591
28,0
