depth_feet,proportion_area
0,1
5,0.8908
10,0.64296
15,0.34681
20,0.00129
25,0.00044
30,0.00011
35,0
