depth_feet,proportion_area
0,1
5,0.04482
10,0.01202
15,0.00144
16,0
