depth_feet,proportion_area
0,1
5,0.69045
10,0.3303
15,0.01996
