depth_feet,proportion_area
0,1
5,0.609648
10,0.32832
15,0.07893
