depth_feet,proportion_area
0,1
5,0.82983
10,0.74669
15,0.62355
20,0.47916
25,0.282288
30,0.0126
31,0
