depth_feet,proportion_area
0,1
5,0.66287
10,0.15101
15,0.08284
20,0.05721
25,0.03987
30,0.02708
35,0.00837
38,0
