depth_feet,proportion_area
0,1
10,0.85368
20,0.7382
30,0.6237
40,0.47484
50,0.36553
60,0.26582
70,0.21175
80,0.17
90,0.13097
100,0.09245
