depth_feet,proportion_area
0,1
5,0.626203
10,0.34089
15,0.24344
20,0.16241
23,0
