depth_feet,proportion_area
0,1
3,0.70318
5,0.1272
7,0.08834
9,0.05883
11,0.03085
13,0.01116
15,0.0014
16,0
