depth_feet,proportion_area
0,1
5,0.842041
10,0.676
15,0.450026
20,0.354866
30,0.225455
40,0.154207
50,0.092659
60,0.046878
66,0
