depth_feet,proportion_area
0,1
10,0.76306
20,0.61139
30,0.39072
40,0.15956
50,0.04369
