depth_feet,proportion_area
0,1
5,0.88365
10,0.76204
15,0.58757
20,0.49498
25,0.36838
30,0.30273
35,0.24885
40,0.19953
45,0.148
50,0.06684
55,0.0067
