depth_feet,proportion_area
0,1
5,0.45851
10,0.20096
15,0.1482
20,0.11175
25,0.01247
26,0
