depth_feet,proportion_area
0,1
5,0.83075
10,0.68241
15,0.53853
20,0.25589
25,0
