depth_feet,proportion_area
0,1
4,0.76839
5,0.74787
6,0.46169
8,0.04938
9.5,0
