depth_feet,proportion_area
0,1
10,0.85864
15,0.73351
20,0.48392
30,0.13456
40,0.01282
42,0
