depth_feet,proportion_area
0,1
5,0.89866
10,0.74472
15,0.52372
20,0.25414
