depth_feet,proportion_area
0,1
5,0.8729
10,0.68674
15,0.45513
