depth_feet,proportion_area
0,1
5,0.84803
10,0.55557
15,0.01524
