depth_feet,proportion_area
0,1
5,0.91077
10,0.65125
15,0.5569
20,0.36272
25,0.19957
30,0.10233
35,0.06623
40,0.05157
50,0.03513
60,0.02716
70,0.00695
84,0
