depth_feet,proportion_area
0,1
5,0.70764
10,0.5769
15,0.42965
20,0.25214
25,0.12611
30,0.07601
35,0.01322
36,0
