depth_feet,proportion_area
0,1
10,0.62479
20,0.39925
30,0.18242
40,0.03936
