depth_feet,proportion_area
0,1
5,0.80126
10,0.68112
15,0.5486
20,0.34168
25,0.06872
29,0
