depth_feet,proportion_area
0,1
5,0.80077
10,0.64086
15,0.42067
20,0.2968
25,0.20275
30,0.11303
35,0.0562
40,0.00233
42,0
