depth_feet,proportion_area
0,1
5,0.81556
10,0.71557
15,0.62091
20,0.49761
25,0.33597
30,0.20557
35,0.13845
40,0.06921
45,0.02751
47,0
