depth_feet,proportion_area
0,1
3,0.60103
5,0.29966
7,0.09783
9,0.02201
10.5,0
