depth_feet,proportion_area
0,1
5,0.7962
10,0.73104
15,0.66192
20,0.52181
30,0.30185
40,0.07859
47,0
