depth_feet,proportion_area
0,1
5,0.85394
10,0.52731
15,0.25028
20,0.00341
