depth_feet,proportion_area
0,1
5,0.84914
10,0.58573
15,0.4695
20,0.36699
30,0.25817
40,0.1223
50,0.00134
51,0
