depth_feet,proportion_area
0,1
5,0.88377
10,0.57586
15,0.38264
20,0.27326
25,0.16111
30,0.10973
35,0.06636
40,0.02038
42,0
