depth_feet,proportion_area
0,1
5,0.71168
10,0.36675
15,0.08279
20,0.01932
25,0
