depth_feet,proportion_area
0,1
5,0.78841
10,0.60339
15,0.43133
20,0.26987
25,0.12015
30,0.03913
