depth_feet,proportion_area
0,1
5,0.75762
10,0.57059
15,0.18395
20,0.04743
25,0.00639
