depth_feet,proportion_area
0,1
5,0.17153
10,0.08185
15,0.03483
19,0
