depth_feet,proportion_area
0,1
5,0.46321
10,0.30343
15,0.0957
20,0.02478
25,0.01051
30,0.00773
40,0.0005
42,0
