depth_feet,proportion_area
0,1
5,0.84911
10,0.68494
15,0.59037
20,0.43447
25,0.15015
30,0.03875
