depth_feet,proportion_area
0,1
5,0.712
10,0.38352
15,0.31097
20,0.1592
25,0.05707
30,0.01724
33,0
