depth_feet,proportion_area
0,1
5,0.70816
10,0.47954
15,0.10032
18,0
