depth_feet,proportion_area
0,1
5,0.76383
10,0.55973
15,0.19352
20,0.00777
25,0.00064
