depth_feet,proportion_area
0,1
5,0.59509
10,0.30809
15,0.20141
20,0.12152
25,0.07657
30,0.04578
35,0.03051
40,0.01452
45,0.00408
50,0.00091
51,0
