depth_feet,proportion_area
0,1
5,0.85814
10,0.5847
15,0.44724
20,0.34695
25,0.2506
30,0.17277
35,0.08018
37,0
