depth_feet,proportion_area
0,1
5,0.33386
10,0.20332
15,0.07635
20,0.00066
