depth_feet,proportion_area
0,1
5,0.69006
10,0.38693
15,0.26033
20,0.13469
25,0.0108
27,0
