depth_feet,proportion_area
0,1
5,0.81655
10,0.56254
15,0.0312
