depth_feet,proportion_area
0,1
5,0.84418
10,0.5699
15,0.18308
20,0.04628
24,0
