depth_feet,proportion_area
0,1
5,0.83865
10,0.6336
15,0.46159
20,0.26284
25,0.01825
30,0.00113
