depth_feet,proportion_area
0,1
10,0.64431
15,0.53889
20,0.43562
30,0.28284
40,0.14266
50,0.04618
60,0.00613
70,0.00104
73,0
