depth_feet,proportion_area
0,1
5,0.5351
10,0.41766
15,0.35665
20,0.28656
23,0
