depth_feet,proportion_area
0,1
5,0.64289
10,0.43233
15,0.15184
20,0.04917
