depth_feet,proportion_area
0,1
5,0.72366
10,0.587123
15,0.50127
20,0.20153
25,0.06172
30,0.01358
35,0
