depth_feet,proportion_area
0,1
5,0.873
10,0.749
15,0.68441
20,0.62087
25,0.49347
30,0.35821
35,0.15831
40,0.06534
45,0.03748
50,0.00387
52,0
