depth_feet,proportion_area
0,1
5,0.766588
10,0.67977
15,0.57867
20,0.47733
30,0.31709
40,0.18342
50,0.12293
60,0.0676
67,0
