depth_feet,proportion_area
0,1
5,0.4832
10,0.33109
15,0.19298
20,0
