depth_feet,proportion_area
0,1
10,0.44183
15,0.3432
20,0.25676
30,0.12987
40,0.04938
50,0.03125
60,0.01109
