depth_feet,proportion_area
0,1
5,0.80955
10,0.6385
15,0.14521
16,0
