depth_feet,proportion_area
0,1
10,0.8617548
15,0.7160928
20,0.62323
30,0.456088
40,0.258423
50,0.11621
57,0
