depth_feet,proportion_area
0,1
5,0.56526
10,0.15498
15,0.07088
20,0.0055
