depth_feet,proportion_area
0,1
10,0.77299
20,0.5728
30,0.32776
40,0.19396
50,0.10289
60,0.05933
70,0.02578
