depth_feet,proportion_area
0,1
5,0.67731
10,0.45847
15,0.35673
20,0.29114
25,0.21487
30,0.10724
35,0.05151
40,0.0096
42,0
