depth_feet,proportion_area
0,1
10,0.79008
15,0.56008
20,0.18002
25,0.0072
30,0.00131
31,0
