depth_feet,proportion_area
0,1
5,0.730158
10,0.565278
15,0.313607
20,0.161097
25,0.077457
30,0.017661
35,0.0003658
39,0
