depth_feet,proportion_area
0,1
5,0.5493006
10,0.458976
15,0.35552
20,0.15593
24,0
