depth_feet,proportion_area
0,1
10,0.8701
20,0.7371
30,0.58887
40,0.37884
50,0.2022
60,0.12913
70,0.08168
80,0.04112
90,0.00384
