depth_feet,proportion_area
0,1
5,0.75583
10,0.52338
15,0.34474
20,0.2115
25,0.08113
30,0.00394
32,0
