depth_feet,proportion_area
0,1
5,0.83437
10,0.6527
15,0.46001
20,0.36979
25,0.19594
30,0.05173
35,0.01012
36,0
