depth_feet,proportion_area
0,1
5,0.83725
10,0.54697
15,0.39738
20,0.25972
25,0.13628
30,0.07693
35,0.01394
37,0
