depth_feet,proportion_area
0,1
5,0.09161
10,0.03372
15,0.00637
