depth_feet,proportion_area
0,1
5,0.7256
10,0.58858
15,0.48089
20,0.28091
25,0.15755
30,0.08491
35,0.04856
40,0.02627
