depth_feet,proportion_area
0,1
5,0.81394
10,0.16156
15,0.03127
17,0
