depth_feet,proportion_area
0,1
5,0.82271
10,0.66077
15,0.42766
20,0.09108
25,0.03416
30,0.01522
35,0.00707
40,0.00225
