depth_feet,proportion_area
0,1
5,0.81727
10,0.66365
15,0.55996
20,0.36496
30,0.07057
40,0.01675
50,0.00193
54,0
