depth_feet,proportion_area
0,1
10,0.57958
15,0.47669
20,0.39892
30,0.27144
40,0.16984
50,0.02447
53,0
