depth_feet,proportion_area
0,1
5,0.87127
10,0.42883
15,0.00491
