depth_feet,proportion_area
0,1
10,0.78239
20,0.68655
30,0.62173
40,0.52295
50,0.4385
60,0.3636
70,0.31593
80,0.25654
90,0.20262
100,0.14098
110,0.06865
120,0.008
