depth_feet,proportion_area
0,1
10,0.86568
15,0.74785
20,0.51279
30,0.28139
40,0.01297
44,0
