depth_feet,proportion_area
0,1
10,0.64815
20,0.4572
30,0.3056
40,0.14445
50,0.00205
55,0
