depth_feet,proportion_area
0,1
3,0.92416
5,0.64766
7,0.04154
7.5,0
