depth_feet,proportion_area
0,1
5,0.79544
10,0.62811
15,0.52609
20,0.41464
25,0.2189
30,0.02446
38,0
