depth_feet,proportion_area
0,1
5,0.79065
10,0.64361
15,0.47518
20,0.32807
25,0.17608
30,0.08999
35,0.00976
38,0
