depth_feet,proportion_area
0,1
5,0.61261
10,0.35757
15,0.14779
19,0
