depth_feet,proportion_area
0,1
5,0.73053
10,0.51055
15,0.20045
20,0.04442
25,0.00124
