depth_feet,proportion_area
0,1
10,0.60127
15,0.48546
20,0.39989
30,0.24789
40,0.01473
42,0
