depth_feet,proportion_area
0,1
5,0.76716
10,0.59539
15,0.29807
20,0.14782
30,0.0837
40,0.02305
50,0.00214
53,0
