depth_feet,proportion_area
0,1
5,0.78802
10,0.68141
15,0.52835
20,0.34271
25,0.01667
30,0.0002
