depth_feet,proportion_area
0,1
5,0.843060227
10,0.534041771
14,0
