depth_feet,proportion_area
0,1
5,0.79506
10,0.65583
15,0.52967
20,0.3584
25,0.2209
30,0.07557
35,0.01231
