depth_feet,proportion_area
0,1
5,0.8087
10,0.54994
15,0.24511
