depth_feet,proportion_area
0,1
5,0.78089
10,0.44155
15,0.23919
20,0.21374
25,0.09248
30,0.04784
35,0.01944
36,0
