depth_feet,proportion_area
0,1
5,0.70928
10,0.59004
15,0.49348
20,0.36133
25,0.04264
30,0.002
33,0
