depth_feet,proportion_area
0,1
5,0.70982
10,0.468
15,0.39546
20,0.32374
25,0.26664
30,0.21846
35,0.15061
40,0.06041
44,0
