depth_feet,proportion_area
0,1
5,0.695858996
10,0.334485003
