depth_feet,proportion_area
0,1
5,0.81971
10,0.75126
15,0.6719
20,0.4889
25,0.29684
30,0.09368
35,0.01245
36,0
