depth_feet,proportion_area
0,1
5,0.72715
10,0.5619
15,0.3386
20,0.2171
25,0.08339
30,0.018996
34,0
