depth_feet,proportion_area
0,1
5,0.7269
10,0.55401
15,0.37865
20,0.2441
25,0.13826
28,0
