depth_feet,proportion_area
0,1
5,0.52771
10,0.37526
15,0.25693
20,0.11324
25,0.03996
