depth_feet,proportion_area
0,1
5,0.86925
10,0.65659
15,0.46955
20,0.18408
25,0.03628
29,0
