depth_feet,proportion_area
0,1
5,0.82458
10,0.71323
15,0.59365
20,0.49021
25,0.37449
30,0.36661
35,0.11949
38,0
