depth_feet,proportion_area
0,1
5,0.6574
10,0.39586
15,0.10602
18,0
