depth_feet,proportion_area
0,1
5,0.72172
10,0.59708
15,0.26798
