depth_feet,proportion_area
0,1
5,0.28614
10,0.16543
15,0.10367
20,0.0351
23,0
