depth_feet,proportion_area
0,1
5,0.78023
10,0.69456
15,0.56567
20,0.27352
25,0.0704
30,0.0304
35,0.00176
37,0
