depth_feet,proportion_area
0,1
5,0.76594
10,0.64768
15,0.15258
16,0
