depth_feet,proportion_area
0,1
5,0.85719
10,0.67894
15,0.51249
20,0.38977
25,0.31368
30,0.07857
35,0.00191
36,0
