depth_feet,proportion_area
0,1
5,0.58414
10,0.41984
15,0.247982
20,0.02843
25,0.003175
30,0.00154
35,0.00078
40,0.00033
45,0
