depth_feet,proportion_area
0,1
5,0.83593
10,0.73185
15,0.66188
20,0.56565
25,0.46292
30,0.25005
35,0.13579
40,0.061762
46,0
