depth_feet,proportion_area
0,1
10,0.44242
15,0.39405
20,0.3563
30,0.19834
40,0.01428
43,0
