depth_feet,proportion_area
0,1
5,0.65794
10,0.05852
15,0.0073
16,0
