depth_feet,proportion_area
0,1
10,0.88266
20,0.64352
30,0.36243
40,0.21951
50,0.0779
60,0.01829
