depth_feet,proportion_area
0,1
5,0.76026
10,0.43696
15,0.05683
20,0.00508
