depth_feet,proportion_area
0,1
5,0.69587
10,0.38284
15,0.28313
20,0.20562
25,0.05166
