depth_feet,proportion_area
0,1
10,0.71586
15,0.63665
20,0.52533
30,0.29865
40,0.14138
50,0.06508
60,0.02511
70,0.00457
72,0
