depth_feet,proportion_area
0,1
5,0.676415892
10,0.323794051
