depth_feet,proportion_area
0,1
10,0.5395
15,0.46908
20,0.33527
30,0.14525
40,0.03915
50,0.00502
