depth_feet,proportion_area
0,1
5,0.80949
10,0.71745
15,0.6202
20,0.5101
25,0.18465
30,0.08616
40,0.00826
