depth_feet,proportion_area
0,1
30,0.78417
60,0.62476
100,0.39885
150,0.19249
200,0.03575
