depth_feet,proportion_area
0,1
5,0.63808
10,0.36663
15,0.30167
20,0.18906
25,0.07162
30,0.0326
35,0.01662
40,0.006946
44,0
