depth_feet,proportion_area
0,1
5,0.77355
10,0.56142
15,0.1167
20,0.01025
22,0
