depth_feet,proportion_area
0,1
5,0.79781
10,0.67472
15,0.52533
20,0.41365
25,0.32926
30,0.14906
35,0.00789
