depth_feet,proportion_area
0,1
5,0.65183
10,0.52437
15,0.35307
20,0.14675
25,0.04415
30,0.02165
35,0.01145
40,0.00204
42,0
