depth_feet,proportion_area
0,1
5,0.82049
10,0.62945
15,0.54835
20,0.38252
25,0.06432
26,0
