depth_feet,proportion_area
0,1
5,0.73968
10,0.52048
15,0.49848
20,0.37958
25,0.26263
30,0.09363
35,0.0097
39,0
