depth_feet,proportion_area
0,1
5,0.75246
10,0.62087
15,0.46248
20,0.26503
25,0.14966
30,0.0586
32,0
