depth_feet,proportion_area
0,1
5,0.91852
10,0.82259
15,0.75115
20,0.66664
25,0.56269
30,0.45168
35,0.36754
40,0.24994
45,0.16653
50,0.05402
55,0.00335
