depth_feet,proportion_area
0,1
10,0.66792
15,0.57627
20,0.47263
30,0.1969
40,0.041
47,0
