depth_feet,proportion_area
0,1
5,0.75542
10,0.6455
15,0.55667
20,0.44473
25,0.23899
30,0.10615
35,0.02703
36,0
