depth_feet,proportion_area
0,1
5,0.921359
10,0.44811
15,0.39546
20,0.22898
30,0.06234
40,0.004143
42,0
