depth_feet,proportion_area
0,1
5,0.78806
10,0.56161
15,0.40345
20,0.2312
25,0.1477
30,0.0824
35,0.05712
40,0.00942
