depth_feet,proportion_area
0,1
10,0.59403
15,0.4812
20,0.39325
30,0.24545
40,0.0643
50,0.00291
52,0
