depth_feet,proportion_area
0,1
5,0.71128
10,0.42147
15,0.09812
20,0.01355
22,0
