depth_feet,proportion_area
0,1
5,0.7287
10,0.64565
15,0.58179
20,0.50685
30,0.29162
40,0.17823
50,0.11243
60,0.06566
70,0.00562
78,0
