depth_feet,proportion_area
0,1
5,0.82306
10,0.64311
15,0.44047
20,0.18015
25,0.094
30,0.05758
35,0.03123
40,0.01174
45,0.00281
50,0.00074
53,0
