depth_feet,proportion_area
0,1
5,0.54179
10,0.21308
15,0.0179
20,0.00323
