depth_feet,proportion_area
0,1
5,0.77789
10,0.66247
15,0.56791
20,0.31724
25,0.02775
26,0
