depth_feet,proportion_area
0,1
5,0.82064
10,0.30085
15,0.21489
20,0.05635
24,0
