depth_feet,proportion_area
0,1
5,0.80355
15,0.69424
20,0.58124
30,0.31635
40,0.07804
50,0.02733
53,0
