depth_feet,proportion_area
0,1
5,0.77134
10,0.3893
15,0.15252
19,0
