depth_feet,proportion_area
0,1
5,0.79395
10,0.69297
15,0.58872
20,0.42621
25,0.34015
30,0.18949
35,0.02392
36,0
