depth_feet,proportion_area
0,1
5,0.71093
10,0.43654
15,0.174
20,0.06608
25,0.01174
