depth_feet,proportion_area
0,1
5,0.61286
10,0.39909
15,0.20624
20,0.02209
25,0.00068
