depth_feet,proportion_area
0,1
5,0.49894
10,0.39068
15,0.30818
20,0.21717
25,0.13295
30,0.05855
36,0
