depth_feet,proportion_area
0,1
5,0.83372
10,0.75958
15,0.67194
20,0.53624
30,0.38296
40,0.27141
45,0.14712
