depth_feet,proportion_area
0,1
5,0.70441
10,0.62258
15,0.56716
20,0.50233
30,0.35017
40,0.20957
50,0.05232
52,0
