depth_feet,proportion_area
0,1
5,0.50387
10,0.2055
15,0.15748
20,0.1033
25,0.06919
30,0.02254
33,0
