depth_feet,proportion_area
0,1
5,0.49394
10,0.21279
15,0.12372
20,0.02961
21,0
