depth_feet,proportion_area
0,1
2,0.2929
4,0.19356
6,0.03706
6.5,0
