depth_feet,proportion_area
0,1
10,0.70912
20,0.56066
30,0.46362
40,0.36658
50,0.28769
60,0.21841
70,0.13638
80,0.09289
90,0.06685
100,0.04517
110,0.0149
120,0.003
