depth_feet,proportion_area
0,1
5,0.83722
10,0.23606
15,0.0503
