depth_feet,proportion_area
0,1
5,0.83527
10,0.62563
15,0.52712
20,0.43872
30,0.3003
40,0.23244
50,0.1694
60,0.10849
70,0.08116
80,0.03638
90,0.00561
93,0
