depth_feet,proportion_area
0,1
10,0.3597
20,0.29709
30,0.12161
40,0.05319
