depth_feet,proportion_area
0,1
5,0.8982
10,0.81665
15,0.7308
20,0.63058
30,0.34368
40,0.17263
50,0.101071
60,0.0393
70,0.001274
