depth_feet,proportion_area
0,1
5,0.72837
10,0.01023
15,0.00029
20,0
