depth_feet,proportion_area
0,1
5,0.61429
10,0.50127
15,0.4141
20,0.21529
24,0
