depth_feet,proportion_area
0,1
10,0.71933
15,0.66549
20,0.61374
30,0.38936
40,0.14314
50,0.03833
55,0
