depth_feet,proportion_area
0,1
5,0.63167
10,0.55195
15,0.47928
20,0.39737
30,0.24619
40,0.11629
50,0.05568
60,0.02109
70,0.00725
80,0.00236
89,0
