depth_feet,proportion_area
0,1
5,0.41372
10,0.13727
15,0.02866
