depth_feet,proportion_area
0,1
10,0.3976
20,0.23997
30,0.10453
40,0.06311
50,0.03081
60,0.01437
70,0.00347
