depth_feet,proportion_area
0,1
5,0.50995342
10,0.003898014
12,0
