depth_feet,proportion_area
0,1
5,0.73989
10,0.51359
15,0.19282
17,0
