depth_feet,proportion_area
0,1
5,0.79187
10,0.72635
15,0.67242
20,0.59859
30,0.37724
40,0.19957
50,0.05279
55,0
