depth_feet,proportion_area
0,1
5,0.87443
10,0.8049
15,0.75344
20,0.68484
30,0.51764
40,0.38921
50,0.23686
60,0.12919
70,0.04
79,0
