depth_feet,proportion_area
0,1
5,0.73983
10,0.07949
15,0.00636
