depth_feet,proportion_area
0,1
5,0.76108
10,0.6472
15,0.51288
20,0.40149
30,0.2472
38,0
