depth_feet,proportion_area
0,1
5,0.821
10,0.62328
15,0.47037
20,0.33515
25,0.11036
30,0.00339
32,0
