depth_feet,proportion_area
0,1
10,0.5671
15,0.51495
20,0.42906
30,0.35825
40,0.1795
50,0.05439
60,0.00628
70,0.00167
80,0.00042
85,0
