depth_feet,proportion_area
0,1
5,0.633270045
10,0.012341171
13,0
