depth_feet,proportion_area
0,1
5,0.58727
10,0.51445
15,0.09062
18,0
