depth_feet,proportion_area
0,1
5,0.91239
10,0.82124
15,0.6248
20,0.3767
25,0.12573
