depth_feet,proportion_area
0,1
5,0.65207
10,0.31303
15,0.21852
20,0.09647
25,0.00184
28,0
