depth_feet,proportion_area
0,1
5,0.67594
10,0.58715
15,0.46016
20,0.23492
25,0.03409
30,0.00556
34,0
