depth_feet,proportion_area
0,1
10,0.67481
15,0.57312
20,0.44425
30,0.23383
40,0.10295
50,0.01259
51,0
