depth_feet,proportion_area
0,1
5,0.75594
10,0.67865
15,0.58343
20,0.45665
25,0.31767
30,0.20676
35,0.06303
39,0
