depth_feet,proportion_area
0,1
5,0.81627
10,0.5906
15,0.33932
20,0.15043
25,0.05582
30,0.01158
35,0.0023
