depth_feet,proportion_area
0,1
5,0.72427
10,0.50103
15,0.29062
20,0.19154
25,0.11604
26,0
