depth_feet,proportion_area
0,1
5,0.92833
10,0.85108
15,0.78196
20,0.71143
25,0.62044
30,0.47557
35,0.38344
40,0.20985
45,0.06384
