depth_feet,proportion_area
0,1
5,0.70655
10,0.46455
15,0.32954
20,0.23305
25,0.12747
30,0.04121
