depth_feet,proportion_area
0,1
5,0.74021
10,0.39635
15,0.24081
20,0.07756
26,0
