depth_feet,proportion_area
0,1
5,0.64879
10,0.56795
15,0.29699
20,0.12605
25,0.03983
26,0
