depth_feet,proportion_area
0,1
5,0.83285
10,0.60584
15,0.04358
20,0.01086
25,0
