depth_feet,proportion_area
0,1
10,0.58411
15,0.46588
20,0.35149
30,0.19543
40,0.0564
44,0
