depth_feet,proportion_area
0,1
10,0.84573
20,0.7139
30,0.59165
40,0.45782
50,0.35402
60,0.23377
70,0.13969
80,0.04604
