depth_feet,proportion_area
0,1
5,0.77333
10,0.65104
15,0.53342
20,0.45157
25,0.32365
30,0.16874
35,0.06158
40,0.00212
44,0
