depth_feet,proportion_area
0,1
5,0.78429
10,0.54745
15,0.2916
20,0.16955
25,0.0739
29,0
