depth_feet,proportion_area
0,1
5,0.76283
10,0.6414
15,0.49969
20,0.37919
25,0.28287
30,0.2328
35,0.17213
40,0.07651
45,0.02582
50,0.00491
