depth_feet,proportion_area
0,1
10,0.81332
20,0.51122
30,0.41895
40,0.30182
50,0.19276
60,0.0951
70,0.02113
80,0.00166
83,0
