depth_feet,proportion_area
0,1
10,0.462113127
20,0.032017076
