depth_feet,proportion_area
0,1
5,0.8243
10,0.57362
15,0.19245
20,0.02772
23,0
