depth_feet,proportion_area
0,1
5,0.530048
10,0.39955
15,0.32053
20,0.21159
25,0.10547
30,0.0286
35,0.01218
38,0
