depth_feet,proportion_area
0,1
10,0.45797
15,0.39353
20,0.2918
30,0.14967
40,0.05976
50,0.02088
60,0.00065
61,0
