depth_feet,proportion_area
0,1
5,0.8348
10,0.72804
15,0.54102
20,0.17776
23,0
