depth_feet,proportion_area
0,1
5,0.8628
10,0.77995
15,0.74136
20,0.65037
30,0.48742
40,0.27408
50,0.11898
52,0
