depth_feet,proportion_area
0,1
10,0.66184
15,0.57576
20,0.47643
30,0.2899
40,0.17926
50,0.10794
60,0.03511
70,0
