depth_feet,proportion_area
0,1
5,0.665307
10,0.083551
12,0
