depth_feet,proportion_area
0,1
10,0.74773
20,0.56135
30,0.39499
40,0.24753
50,0.113
60,0.02025
