depth_feet,proportion_area
0,1
5,0.84769
10,0.69538
15,0.54192
20,0.20809
25,0.16741
30,0.05038
