depth_feet,proportion_area
0,1
10,0.46647
15,0.39849
20,0.32574
30,0.23845
40,0.12584
50,0.0582
60,0.02178
70,0.00181
75,0
