depth_feet,proportion_area
0,1
10,0.90621
15,0.83899
20,0.76594
30,0.68313
40,0.57433
50,0.44199
60,0.28346
70,0.14202
80,0.01762
