depth_feet,proportion_area
0,1
5,0.42068
10,0.3018
15,0.22784
20,0.1706
25,0.11793
30,0.04666
35,0.01686
38,0
