depth_feet,proportion_area
0,1
5,0.800235
10,0.61497
15,0.36961
20,0.10949
24,0
