depth_feet,proportion_area
0,1
5,0.49531
10,0.42371
15,0.37788
20,0.33076
25,0.25157
30,0.10722
35,0.01638
37,0
