depth_feet,proportion_area
0,1
5,0.71081
10,0.51188
15,0.3408
20,0.12949
25,0.02453
28,0
