depth_feet,proportion_area
0,1
10,0.62801
15,0.60736
20,0.46088
30,0.29652
40,0.1689
50,0.08581
60,0.03429
69,0
