depth_feet,proportion_area
0,1
3,0.74407
6,0.70299
9,0.44252
12,0.19009
15,0.05697
17,0.01486
