depth_feet,proportion_area
0,1
5,0.87966
10,0.69295
15,0.29907
20,0.06521
21,0
