depth_feet,proportion_area
0,1
5,0.54189
10,0.15066
15,0.05473
20,0.002407
