depth_feet,proportion_area
0,1
5,0.95757
10,0.70448
15,0.0313
20,0.00216
