depth_feet,proportion_area
0,1
5,0.68299
10,0.51325
15,0.40775
20,0.34359
25,0.27827
30,0.17277
35,0.0811
40,0.02206
