depth_feet,proportion_area
0,1
5,0.75003
10,0.48609
15,0.15165
20,0.02314
