depth_feet,proportion_area
0,1
5,0.77488
10,0.67931
15,0.31446
20,0.06745
25,0.00536
