depth_feet,proportion_area
0,1
5,0.53053
10,0.30751
15,0.18936
20,0.08674
24,0
