depth_feet,proportion_area
0,1
5,0.81876
10,0.6689
15,0.58428
20,0.49511
25,0.41372
30,0.25976
34,0
