depth_feet,proportion_area
0,1
5,0.68176
10,0.51354
15,0.4181
20,0.33788
30,0.21503
40,0.10731
50,0.001443
51,0
