depth_feet,proportion_area
0,1
5,0.88377
10,0.78656
15,0.70024
20,0.58015
30,0.44955
40,0.33249
50,0.21513
60,0.09998
70,0.0374
76,0
