depth_feet,proportion_area
0,1
5,0.62966
10,0.47513
15,0.14997
20,0.00697
