depth_feet,proportion_area
0,1
5,0.69199
10,0.56727
15,0.44834
20,0.32057
25,0.19006
30,0.04007
33,0
