depth_feet,proportion_area
0,1
5,0.72339
10,0.47472
15,0.34509
20,0.21095
30,0.10706
40,0.04494
49,0
