depth_feet,proportion_area
0,1
5,0.79983
10,0.65535
15,0.51424
20,0.3777
25,0.24897
30,0.18531
35,0.13
40,0.08925
45,0.06394
50,0.02464
55,0.00115
