depth_feet,proportion_area
0,1
5,0.43322
10,0.33659
15,0.27985
20,0.21604
25,0.11902
30,0.01808
33,0
