depth_feet,proportion_area
0,1
5,0.77863
10,0.35196
15,0.24818
20,0.12374
25,0.05642
28,0
