depth_feet,proportion_area
0,1
3,0.77298
5,0.3947
7,0.02964
8.5,0
