depth_feet,proportion_area
0,1
5,0.73456
10,0.42525
15,0.13878
20,0.06688
25,0.03478
30,0.01661
34,0
