depth_feet,proportion_area
0,1
5,0.91912
10,0.83926
15,0.71669
20,0.45704
25,0.16843
