depth_feet,proportion_area
0,1
5,0.76167
10,0.66118
15,0.57787
20,0.38612
25,0.13371
30,0.00463
31,0
