depth_feet,proportion_area
0,1
5,0.06189
10,0.02346
15,0.00741
20,0.00017
