depth_feet,proportion_area
0,1
5,0.73138
10,0.36784
15,0.11264
20,0.0183
