depth_feet,proportion_area
0,1
15,0.70123
30,0.48778
45,0.15695
