depth_feet,proportion_area
0,1
5,0.91236
10,0.64755
15,0.48805
20,0.19664
25,0.02745
