depth_feet,proportion_area
0,1
5,0.60769
10,0.35219
15,0.22155
20,0.13931
25,0.05309
27,0
