depth_feet,proportion_area
0,1
5,0.8072
10,0.60311
15,0.36259
20,0.20927
25,0.0107
