depth_feet,proportion_area
0,1
10,0.502599
15,0.393399
20,0.283909
30,0.093966
40,0.037931
48,0
