depth_feet,proportion_area
0,1
5,0.82873
10,0.70673
15,0.59267
20,0.51672
30,0.3392
40,0.1517
50,0.08711
60,0.04993
68,0
