depth_feet,proportion_area
0,1
5,0.8521
10,0.70986
15,0.64347
20,0.57263
25,0.47457
30,0.3165
35,0.02425
37.5,0
