depth_feet,proportion_area
0,1
5,0.85914
10,0.63054
15,0.4448
20,0.27683
25,0.12672
30,0.014
32,0
