depth_feet,proportion_area
0,1
10,0.84797
20,0.70322
30,0.58971
40,0.48076
50,0.40306
60,0.33108
70,0.24365
80,0.14669
90,0.03466
