depth_feet,proportion_area
0,1
20,0.68563
40,0.48064
60,0.34566
80,0.30497
100,0.16055
120,0.10134
140,0.05847
160,0.02137
180,0.00983
200,0.00166
