depth_feet,proportion_area
0,1
5,0.75156
10,0.50912
15,0.30938
20,0.07188
