depth_feet,proportion_area
0,1
5,0.78688
10,0.55482
15,0.47893
20,0.32464
25,0.12162
30,0
