depth_feet,proportion_area
0,1
5,0.85644
10,0.68933
15,0.53821
20,0.00318
25,0.000353
26,0
