depth_feet,proportion_area
0,1
5,0.73733
10,0.360095
15,0.00442
16,0
