depth_feet,proportion_area
0,1
5,0.83488
10,0.6456
15,0.3852
20,0.0878
25,0.04116
30,0.005
