depth_feet,proportion_area
0,1
5,0.69057
10,0.47741
15,0.21161
20,0.04245
22,0
