depth_feet,proportion_area
0,1
5,0.9112
10,0.82733
15,0.49085
17,0
