depth_feet,proportion_area
0,1
5,0.64841
10,0.41843
15,0.34633
20,0.2301
25,0.08441
29,0
