depth_feet,proportion_area
0,1
5,0.63801
10,0.34569
15,0.19182
20,0.00949
