depth_feet,proportion_area
0,1
5,0.66156
10,0.44395
15,0.07945
17,0
