depth_feet,proportion_area
0,1
5,0.80757
10,0.62925
15,0.46725
20,0.35695
25,0.23281
30,0.14698
35,0.10035
40,0
