depth_feet,proportion_area
0,1
5,0.42981
10,0.29187
15,0.11279
19,0
