depth_feet,proportion_area
0,1
5,0.80648
10,0.74313
15,0.68363
20,0.52833
25,0.40118
30,0.30621
40,0.1874
50,0.08182
52,0
