depth_feet,proportion_area
0,1
5,0.79298
10,0.51814
15,0.32871
20,0.10759
