depth_feet,proportion_area
0,1
10,0.6834
20,0.488413
30,0.36492
40,0.24033
50,0.13557
60,0.04656
70,0.01221
