depth_feet,proportion_area
0,1
10,0.75353
20,0.62089
30,0.48013
40,0.36015
50,0.27932
60,0.17866
70,0.12721
80,0.07822
90,0.05423
100,0.02937
110,0.01099
