depth_feet,proportion_area
0,1
5,0.81384
10,0.58328
15,0.24377
18,0
