depth_feet,proportion_area
0,1
5,0.794023222
10,0.313045107
13,0
