depth_feet,proportion_area
0,1
5,0.75895
10,0.50649
15,0.19871
19,0
