depth_feet,proportion_area
0,1
5,0.84109
10,0.67618
15,0.50586
20,0.33827
25,0.22817
30,0.16647
35,0.07547
36,0
