depth_feet,proportion_area
0,1
5,0.78812
10,0.67593
15,0.55312
20,0.21688
25,0.04731
29,0
