depth_feet,proportion_area
0,1
10,0.67107
15,0.52817
20,0.43777
30,0.29991
40,0.20468
50,0.1033
59,0
