depth_feet,proportion_area
0,1
5,0.78299
10,0.57845
15,0.16103
20,0.01688
21,0
