depth_feet,proportion_area
0,1
10,0.7956
20,0.51957
30,0.48613
40,0.28492
50,0.03875
