depth_feet,proportion_area
0,1
10,0.45636
15,0.16516
20,0.03793
22,0
