depth_feet,proportion_area
0,1
5,0.75182
10,0.50343
15,0.00833
