depth_feet,proportion_area
0,1
5,0.7736
10,0.66477
15,0.60025
20,0.54502
30,0.43132
40,0.32646
50,0.07229
51,0
