depth_feet,proportion_area
0,1
5,0.84279
10,0.66576
15,0.52377
20,0.3799
25,0.27231
30,0.19301
35,0.10863
38,0
