depth_feet,proportion_area
0,1
5,0.85754
10,0.76878
15,0.62993
20,0.43987
25,0.2669
30,0.11333
35,0.00892
37,0
