depth_feet,proportion_area
0,1
10,0.71984
15,0.60085
20,0.47497
30,0.27485
40,0.06747
50,0.02706
60,0.01616
68,0
