depth_feet,proportion_area
0,1
10,0.5012
15,0.4219
20,0.33924
30,0.19095
40,0.10571
50,0.03379
60,0.01308
70,0.0008
74,0
