depth_feet,proportion_area
0,1
5,0.82769
10,0.6436
15,0.55044
20,0.41257
30,0.13097
40,0.01691
46,0
