depth_feet,proportion_area
0,1
5,0.79744
10,0.09546
15,0.00742
20,0.000733
23.5,0
