depth_feet,proportion_area
0,1
5,0.89363
10,0.27967
15,0.109912
17,0
