depth_feet,proportion_area
0,1
5,0.84839
10,0.69447
15,0.50494
20,0.09714
