depth_feet,proportion_area
0,1
10,0.62139
20,0.4474
30,0.23978
40,0.04057
50,0.00578
57,0
