depth_feet,proportion_area
0,1
10,0.63579
20,0.37273
30,0.19206
40,0.07684
50,0.00322
