depth_feet,proportion_area
0,1
5,0.62883
10,0.39206
15,0.0033
