depth_feet,proportion_area
0,1
5,0.187121
10,0.078161
15,0.045031
20,0.006729
