depth_feet,proportion_area
0,1
5,0.93631
10,0.87639
15,0.82905
20,0.76507
30,0.63023
40,0.467501
50,0.31146
60,0.141163
70,0.05097
80,0.00625
87,0
