depth_feet,proportion_area
0,1
5,0.8356
10,0.73549
15,0.63385
20,0.56045
30,0.30008
40,0.14455
46,0
