depth_feet,proportion_area
0,1
10,0.80833
15,0.66028
20,0.47435
30,0.24156
40,0.05299
50,0.001272
51,0
