depth_feet,proportion_area
0,1
10,0.71913
20,0.5039
30,0.25936
40,0.02724
