depth_feet,proportion_area
0,1
5,0.82184
10,0.66995
15,0.54418
20,0.44211
25,0.32891
30,0.21513
35,0.08351
40,0.02684
45,0.00186
