depth_feet,proportion_area
0,1
5,0.80707
10,0.64812
15,0.5308
20,0.38847
25,0.24877
30,0.22311
35,0.04917
40,0.01115
