depth_feet,proportion_area
0,1
5,0.61092
10,0.17483
15,0.03974
20,0.00365
21,0
