depth_feet,proportion_area
0,1
5,0.80381
10,0.70236
15,0.64658
20,0.4954
30,0.31272
40,0.1943
60,0.07956
63,0
