depth_feet,proportion_area
0,1
5,0.64279
10,0.57813
15,0.51004
20,0.43181
25,0.34294
30,0.17257
35,0.01326
36,0
