depth_feet,proportion_area
0,1
5,0.74834
10,0.40434
15,0.25208
20,0.07184
25,0.00038
