depth_feet,proportion_area
0,1
5,0.64637
10,0.53208
15,0.35643
20,0.02123
21,0
