depth_feet,proportion_area
0,1
5,0.70351
10,0.53194
15,0.33685
20,0.03488
