depth_feet,proportion_area
0,1
5,0.84632
10,0.65996
15,0.46365
20,0.2676
25,0.0673
30,0.00322
31,0
