depth_feet,proportion_area
0,1
5,0.77842
10,0.49344
15,0.02167
16,0
