depth_feet,proportion_area
0,1
5,0.48432
10,0.38441
15,0.3059
20,0.24398
25,0.1758
30,0.0676
35,0.00866
37,0
