depth_feet,proportion_area
0,1
5,0.784765
10,0.71308
15,0.64525
20,0.56053
30,0.43441
40,0.19417
50,0.02124
52,0
