depth_feet,proportion_area
0,1
5,0.92674
10,0.86358
15,0.51588
20,0.19916
25,0.13018
30,0.06576
35,0.03141
40,0.0115
45,0.00533
