depth_feet,proportion_area
0,1
5,0.86873
10,0.75918
15,0.66149
20,0.49422
25,0.23219
30,0.0301
