depth_feet,proportion_area
0,1
10,0.64272
15,0.37936
20,0.20248
25,0.02545
30,0.005202
35,0
