depth_feet,proportion_area
0,1
5,0.64109
10,0.56142
15,0.4782
20,0.35772
25,0.20683
30,0.08398
33,0
