depth_feet,proportion_area
0,1
5,0.70363
10,0.38355
15,0.10232
20,0.03738
25,0.01205
30,0.0015
