depth_feet,proportion_area
0,1
5,0.764298
10,0.27673
15,0.081252
18,0
