depth_feet,proportion_area
0,1
5,0.82739
10,0.68474
15,0.53754
20,0.41966
25,0.31815
30,0.22048
35,0.16395
40,0.11435
45,0.0702
50,0.03144
