depth_feet,proportion_area
0,1
5,0.91248
10,0.82733
15,0.73268
20,0.59741
30,0.39339
40,0.23776
50,0.0689
53,0
