depth_feet,proportion_area
0,1
5,0.67142
10,0.32053
15,0.00443
