depth_feet,proportion_area
0,1
5,0.85433
10,0.60941
15,0.30844
20,0.07679
23,0
