depth_feet,proportion_area
0,1
5,0.65178
10,0.53826
15,0.35714
20,0.20335
25,0.10976
30,0.03469
35,0.00595
37,0
