depth_feet,proportion_area
0,1
10,0.71378
15,0.61392
20,0.49555
30,0.28009
40,0.10699
49,0
