depth_feet,proportion_area
0,1
5,0.62187
10,0.2548
15,0.20651
20,0.17162
25,0.13187
30,0.09605
35,0.05573
40,0.0163
45,0.00256
47,0
