depth_feet,proportion_area
0,1
10,0.76074
20,0.4798
30,0.2098
40,0.08462
47,0
