depth_feet,proportion_area
0,1
5,0.79109
10,0.6314
15,0.42927
20,0.19008
25,0.0775
30,0.03423
35,0.01042
40,0
