depth_feet,proportion_area
0,1
5,0.88988
10,0.80891
15,0.73711
20,0.61116
30,0.37102
40,0.16459
50,0.01947
52,0
