depth_feet,proportion_area
0,1
5,0.677128
10,0.342044
15,0.177311
20,0.047136
24,0
