depth_feet,proportion_area
0,1
5,0.77832
10,0.52199
15,0.3214
20,0.13582
25,0.02835
