depth_feet,proportion_area
0,1
5,0.54515
10,0.36535
15,0.27851
20,0.18708
25,0.07952
30,0.01865
35,0.00459
38,0
