depth_feet,proportion_area
0,1
5,0.58633
10,0.47907
15,0.20901
20,0.05818
24,0
