depth_feet,proportion_area
0,1
5,0.87431
10,0.6121
15,0.38556
20,0.09813
25,0
