depth_feet,proportion_area
0,1
5,0.80883
10,0.70086
15,0.63779
20,0.58577
25,0.4808
30,0.02359
31,0
