depth_feet,proportion_area
0,1
5,0.64569
10,0.13942
15,0.04997
20,0.01727
25,0.00864
30,0.0035
