depth_feet,proportion_area
0,1
5,0.81253
10,0.65066
15,0.56536
20,0.35475
25,0.17897
30,0.07249
35,0
