depth_feet,proportion_area
0,1
5,0.64702
10,0.51996
15,0.36235
20,0.21914
25,0.12726
30,0.04218
35,0.01245
