depth_feet,proportion_area
0,1
10,0.69192
15,0.58267
20,0.42097
30,0.06464
40,0.01182
43,0
