depth_feet,proportion_area
0,1
5,0.10054
10,0.04699
15,0.00688
18,0
