depth_feet,proportion_area
0,1
5,0.85892
10,0.75339
15,0.65471
20,0.50468
25,0.20172
30,0.09745
35,0.04976
38,0
