depth_feet,proportion_area
0,1
5,0.70372
10,0.50883
15,0.32917
20,0.26126
25,0.21168
30,0.10479
35,0.0636
40,0.03059
45,0.00994
46,0
