depth_feet,proportion_area
0,1
3,0.70559
5,0.44764
7,0.06029
8,0
