depth_feet,proportion_area
0,1
10,0.47561
15,0.34991
20,0.24143
30,0.0924
40,0.00219
46,0
