depth_feet,proportion_area
0,1
5,0.87539
10,0.77604
15,0.67651
20,0.56544
30,0.35127
40,0.20995
50,0.12022
60,0.07327
70,0.02966
80,0.00797
81,0
