depth_feet,proportion_area
0,1
5,0.81937
10,0.54242
15,0.17356
18,0
