depth_feet,proportion_area
0,1
5,0.50308
10,0.12615
15,0.0156
18,0
