depth_feet,proportion_area
0,1
10,0.84514
15,0.60509
20,0.29308
25,0.11023
30,0.05936
35,0.01058
