depth_feet,proportion_area
0,1
5,0.34896
10,0.13829
15,0.04484
20,0.01075
24,0
