depth_feet,proportion_area
0,1
5,0.73063
10,0.34751
15,0.0122
