depth_feet,proportion_area
0,1
5,0.48121
10,0.24242
15,0.10142
20,0.02671
