depth_feet,proportion_area
0,1
10,0.60136
15,0.46077
20,0.35589
30,0.19233
40,0.07855
50,0.03007
60,0.00632
66,0
