depth_feet,proportion_area
0,1
5,0.64834
10,0.08112
15,0.01059
17,0
