depth_feet,proportion_area
0,1
5,0.64356
10,0.28978
15,0.13784
20,0.04742
