depth_feet,proportion_area
0,1
5,0.59988
10,0.34934
15,0.04491
20,0.00363
22,0
