depth_feet,proportion_area
0,1
5,0.89663
10,0.75008
15,0.656
20,0.52584
25,0.37978
30,0.2157
35,0.08218
40,0.03018
41,0
