depth_feet,proportion_area
0,1
5,0.67077
10,0.55549
15,0.14006
20,0.02864
