depth_feet,proportion_area
0,1
10,0.65631
15,0.54556
20,0.42151
30,0.3028
40,0.01472
41,0
