depth_feet,proportion_area
0,1
5,0.83691
10,0.70848
15,0.52171
20,0.38794
25,0.23609
30,0.0053
