depth_feet,proportion_area
0,1
5,0.82335
10,0.68257
15,0.4972
20,0.29556
25,0.10853
30,0.01064
35,0.00428
