depth_feet,proportion_area
0,1
5,0.73998
10,0.55687
15,0.45583
20,0.31293
25,0.05869
