depth_feet,proportion_area
0,1
5,0.79107
10,0.658561
15,0.59739
20,0.5113
25,0.33921
30,0.07534
35,0.01588
37,0
