depth_feet,proportion_area
0,1
5,0.79203
10,0.6035
15,0.19091
17,0
