depth_feet,proportion_area
0,1
5,0.82508
10,0.17549
15,0.00024
