depth_feet,proportion_area
0,1
5,0.87838
10,0.75908
15,0.65122
20,0.56537
30,0.4034
40,0.17616
45,0
