depth_feet,proportion_area
0,1
10,0.729776
15,0.62134
20,0.51635
30,0.392
40,0.22246
50,0.11661
60,0.05078
70,0.02195
80,0.00559
82,0
