depth_feet,proportion_area
0,1
5,0.79876
10,0.56324
15,0.42327
20,0.27094
25,0.05565
