depth_feet,proportion_area
0,1
5,0.85121
8,0.47842
10,0.40222
15,0.20404
20,0.1263
25,0.06904
30,0.01767
31,0
