depth_feet,proportion_area
0,1
5,0.3754
10,0.16484
15,0.12325
20,0.09058
25,0.04342
27,0
