depth_feet,proportion_area
0,1
5,0.86909
10,0.75994
15,0.61131
20,0.45052
30,0.27171
40,0.14158
48,0
