depth_feet,proportion_area
0,1
5,0.83345
10,0.77352
15,0.71829
20,0.65333
30,0.53541
40,0.37928
50,0.27327
60,0.16513
70,0
