depth_feet,proportion_area
0,1
5,0.79205
10,0.63231
15,0.53893
20,0.43695
25,0.38029
30,0.30222
35,0.23411
40,0.14379
43,0
