depth_feet,proportion_area
0,1
5,0.53046
10,0.36998
15,0.22246
19,0
