depth_feet,proportion_area
0,1
5,0.8677
10,0.77939
15,0.68658
20,0.57963
25,0.45104
30,0.25609
35,0.0015
