depth_feet,proportion_area
0,1
10,0.61873
20,0.37873
30,0.17376
40,0.03631
