depth_feet,proportion_area
0,1
5,0.74005
10,0.43873
15,0.19523
20,0.10345
25,0.02281
