depth_feet,proportion_area
0,1
10,0.72376
15,0.59637
20,0.52255
30,0.40815
40,0.16458
47,0
