depth_feet,proportion_area
0,1
5,0.06578
10,0.05803
15,0.04605
20,0.02927
30,0.0105
40,0.00257
43,0
