depth_feet,proportion_area
0,1
5,0.76343
10,0.48182
15,0.37956
20,0.272
30,0.1617
40,0.01702
50,0
