depth_feet,proportion_area
0,1
5,0.60804
10,0.45666
15,0.23532
20,0.14075
30,0.08754
40,0.04262
50,0.01102
51,0
