depth_feet,proportion_area
0,1
10,0.552
15,0.48171
20,0.40046
30,0.20585
40,0.04172
45,0
