depth_feet,proportion_area
0,1
5,0.61264
10,0.36009
15,0.14779
19,0
