depth_feet,proportion_area
0,1
5,0.71642
10,0.2783
15,0.04394
18,0
