depth_feet,proportion_area
0,1
3,0.87983
5,0.74486
7,0.65705
9,0.57132
11,0.47327
13,0.07429
15,0.01076
