depth_feet,proportion_area
0,1
5,0.89557
10,0.80773
15,0.71379
20,0.58742
25,0.37081
30,0.15835
35,0.08492
40,0.01989
42,0
