depth_feet,proportion_area
0,1
5,0.24713
10,0.06323
15,0.03905
20,0.00901
24,0
