depth_feet,proportion_area
0,1
5,0.76975
10,0.53286
15,0.29083
20,0.13852
25,0.04307
26,0
