depth_feet,proportion_area
0,1
5,0.78963
8,0.39331
10,0.33427
12,0.07177
13,0
