depth_feet,proportion_area
0,1
5,0.75722
10,0.15498
15,0.06145
20,0.04469
25,0.03173
30,0.01769
31,0
