depth_feet,proportion_area
0,1
5,0.5381
10,0.3959
15,0.12179
20,0.00348
24,0
