depth_feet,proportion_area
0,1
5,0.74832
10,0.55157
15,0.3494
20,0.14556
25,0.08588
