depth_feet,proportion_area
0,1
5,0.68692
10,0.43818
15,0.0145
