depth_feet,proportion_area
0,1
5,0.89365
10,0.79913
15,0.70356
20,0.61535
25,0.47786
30,0.29505
35,0.23648
40,0.16815
45,0.10025
50,0.03161
55,0.00433
