depth_feet,proportion_area
0,1
5,0.90651
10,0.73639
15,0.43224
20,0.11482
25,0.0017
27,0
