depth_feet,proportion_area
0,1
10,0.57122
20,0.42885
30,0.27633
40,0.17405
50,0.06306
60,0.02917
70,0.00487
