depth_feet,proportion_area
0,1
5,0.67812
10,0.57903
15,0.51251
20,0.4342
25,0.06907
27,0
