depth_feet,proportion_area
0,1
5,0.44044
10,0.16917
15,0.10005
