depth_feet,proportion_area
0,1
5,0.37369
10,0.06066
15,0.00695
16,0
