depth_feet,proportion_area
0,1
5,0.8051
10,0.73461
15,0.62352
20,0.4886
30,0.22687
40,0.04746
