depth_feet,proportion_area
0,1
5,0.71668
10,0.2911
15,0.13217
20,0.03477
25,0
