depth_feet,proportion_area
0,1
5,0.82402
10,0.68571
15,0.30317
20,0.04641
25,0.0179
30,0.00192
