depth_feet,proportion_area
0,1
5,0.82941
10,0.76262
15,0.7286
20,0.65739
25,0.55038
30,0.33521
35,0.04783
39,0
