depth_feet,proportion_area
0,1
5,0.34695
10,0.15859
15,0.03393
18,0
