depth_feet,proportion_area
0,1
10,0.74214
15,0.52127
20,0.38538
30,0.19122
40,0.02553
