depth_feet,proportion_area
0,1
5,0.92151
10,0.22789
15,0.0993
20,0.04371
25,0.032855
30,0.005384
35,0.00093
38,0
