depth_feet,proportion_area
0,1
5,0.69628
10,0.483
13,0.06743
14,0
