depth_feet,proportion_area
0,1
5,0.83072
10,0.55213
15,0.5333
20,0.35388
25,0.15601
28,0
