depth_feet,proportion_area
0,1
5,0.795387328
10,0.125829447
11,0
