depth_feet,proportion_area
0,1
5,0.70534
10,0.51327
15,0.2535
20,0.085
25,0.00686
26,0
