depth_feet,proportion_area
0,1
5,0.6127171
10,0.2620061
15,0.0137441
